OBJECTID,LOC_NAME,FCSUBTYPE,SURVEY_YEAR,TRAIL,ROAD,NOTES,ACRES,DATAACCESS,MAPMETHOD,SOURCEDATE,XYACCURACY,VALID_RESULT,CREATEBY,GlobalID,Shape__Area,Shape__Length
1,Land-slide 571,50000,2013,Kanati Fork Quiet Walkway,Newfound Gap Road South,From state of NC: Field data collected on 02/14/2013 and GE 03/18/2013 imagery used for mapping; G:\LR\GEO\LANDSLIDE\GSMNP\441 Slide 2013_01_16,3.38401002,Internal NPS Only,UNKN,,Unknown,Raw,GRSM_GIS,a4ddd7d4-f08b-45e6-acb0-0b8d327c6b14,1.36E-06,0.006986831
2,Land-slide 572,50000,2013,Balsam Mountain Trail,Balsam Mountain Road (closed Winter),"This could be a legacy event, and year of occurence is unknown.",0.37377404,Internal NPS Only,UNKN,,Unknown,Raw,GRSM_GIS,e80b735a-2fef-4696-8b31-191cce12b99a,1.51E-07,0.002833164
3,Land-slide 573,50000,2013,Balsam Mountain Trail,Balsam Mountain Road (closed Winter),"This could be a legacy event, and year of occurence is unknown.",0.66278923,Internal NPS Only,UNKN,,Unknown,Raw,GRSM_GIS,f7e7514f-ee1a-49d9-ba1d-9e69cdbdca79,2.67E-07,0.007456825
4,Land-slide 574,50000,2013,Balsam Mountain Trail,Balsam Mountain Road (closed Winter),"This could be a legacy event, and year of occurence is unknown.",0.96194461,Internal NPS Only,UNKN,,Unknown,Raw,GRSM_GIS,0282fa50-a974-4ed3-88ce-a29e416050c0,3.88E-07,0.002904278
5,Land-slide 575,50000,2012,,Newfound Gap Road South,,1.09941359,Internal NPS Only,UNKN,,Unknown,Raw,GRSM_GIS,c18b66e5-9c64-4290-8526-19ddae8d13f0,4.43E-07,0.003825675
6,Land-slide 579,50000,2006,Ramsey Cascades Trail,Ramsey Cascades Trailhead Parking,Occurred btwn 1998 and 2006,1.74679327,Internal NPS Only,UNKN,,Unknown,Raw,GRSM_GIS,41c2837a-14f9-48b3-886c-d9d752a1fb25,7.04E-07,0.009212359
7,Land-slide 580,50000,2013,Appalachian Trail,Ramsey Cascades Trailhead Parking,"This could be a legacy event, and year of occurence is unknown.",6.47683876,Internal NPS Only,UNKN,,Unknown,Raw,GRSM_GIS,7b3786bf-5f01-451c-aa3c-c8aca52daec8,2.61E-06,0.02115249
8,Land-slide 581,50000,2013,Appalachian Trail,Ramsey Cascades Trailhead Parking,"This could be a legacy event, and year of occurence is unknown.",1.30973379,Internal NPS Only,UNKN,,Unknown,Raw,GRSM_GIS,ab099714-cdf1-4c1a-a8da-9d910ed6d8e7,5.28E-07,0.004955755
9,Land-slide 582,50000,2013,Appalachian Trail,Straight Fork Road,"This could be a legacy event, and year of occurence is unknown.",0.97186766,Internal NPS Only,UNKN,,Unknown,Raw,GRSM_GIS,3c0478bc-2e05-4739-8319-3cfffefe2352,3.91E-07,0.003860114
10,Land-slide 583,50000,2013,Appalachian Trail,Straight Fork Road,"This could be a legacy event, and year of occurence is unknown.",0.34238066,Internal NPS Only,UNKN,,Unknown,Raw,GRSM_GIS,e911d354-ab4b-4e8e-b79b-678e78de0ab3,1.38E-07,0.001817931
11,Land-slide 584,50000,2013,Appalachian Trail,Ramsey Cascades Trailhead Parking,"This could be a legacy event, and year of occurence is unknown.",1.20794889,Internal NPS Only,UNKN,,Unknown,Raw,GRSM_GIS,a7c774ae-e94e-420a-8f44-574889f9c4d6,4.87E-07,0.005166963
12,Land-slide 585,50000,2013,Appalachian Trail,Porters Creek Scenic Loop,"This could be a legacy event, and year of occurence is unknown.",1.205971,Internal NPS Only,UNKN,,Unknown,Raw,GRSM_GIS,94e3e0e8-edf8-4224-ae62-2bcfd696ffd6,4.86E-07,0.005724925
13,Land-slide 586,50000,,Appalachian Trail,Newfound Gap Road North,"This could be a legacy event, and year of occurence is unknown.",4.54622095,Internal NPS Only,UNKN,2013/12/19 00:00:00+00,Unknown,Raw,GRSM_GIS,5cf57773-5217-45e6-8eef-f0bbf4fdf409,1.83E-06,0.023039536
14,Land-slide 587,50000,,Boulevard Trail,Nfg Pullout Parking At Mp 12.98,,1.3304411,Internal NPS Only,UNKN,2013/12/20 00:00:00+00,Unknown,Raw,GRSM_GIS,ab2cb7a1-66f5-403f-8669-b24a919cd722,5.36E-07,0.008604296
15,,30000,2011,Oconaluftee River Trail,Newfound Gap Road South,,0.35471781,Internal NPS Only,UNKN,2014/02/01 00:00:00+00,Unknown,Raw,GRSM_GIS,d9c40131-0ce1-455b-beea-8097248a8988,1.43E-07,0.001554924
16,,30000,2011,,Twenty Mile Ranger Station Road,,69.77012325,Internal NPS Only,UNKN,2014/02/01 00:00:00+00,Unknown,Raw,GRSM_GIS,bb7aaa6c-d8e7-465f-aab9-b19d7aa4ac0f,2.80E-05,0.028884291
17,,30000,2011,,Lakeview Drive East Parking #4,,7.68171889,Internal NPS Only,UNKN,2014/02/01 00:00:00+00,Unknown,Raw,GRSM_GIS,bcd2befb-98fb-4334-87df-d726291f1b74,3.09E-06,0.007808828
18,,30000,2011,,Rich Mountain Road,,266.0813786,Internal NPS Only,UNKN,2014/02/01 00:00:00+00,Unknown,Raw,GRSM_GIS,2be5fe28-be07-4839-b9cd-1f8936b16fe7,0.000107149,0.113444078
19,,30000,2011,,Newfound Gap Road North,,1.21882559,Internal NPS Only,UNKN,2014/02/01 00:00:00+00,Unknown,Raw,GRSM_GIS,ae9dd33b-1d4e-44a6-9747-305225d6de21,4.91E-07,0.002930699
20,,30000,2007,,Newfound Gap Road South,585277,228.5821384,Internal NPS Only,UNKN,2012/07/24 00:00:00+00,Unknown,Raw,GRSM_GIS,30d2d957-115b-48ed-94b3-4ffc7def9e05,9.20E-05,0.054925345
21,,30000,2008,,Foothills Parkway Section 8h,557546,75.39209918,Internal NPS Only,UNKN,2012/07/24 00:00:00+00,Unknown,Raw,GRSM_GIS,aa06b02f-c4a6-4798-9c42-552ebd03d520,3.03E-05,0.037358072
22,,30000,2008,,Lakeview Drive West,579672,17.33617019,Internal NPS Only,UNKN,2012/07/24 00:00:00+00,Unknown,Raw,GRSM_GIS,93c16ca7-687e-438f-af99-8254df0d1620,6.97E-06,0.015604029
23,,30000,2008,,Foothills Parkway Section 8h,576790,27.92561664,Internal NPS Only,UNKN,2012/07/24 00:00:00+00,Unknown,Raw,GRSM_GIS,d6e7cc39-47d4-456f-89d8-77fa38fcc84a,1.12E-05,0.022433322
24,,30000,2008,,Foothills Parkway Section 8g,557868,331.446741,Internal NPS Only,UNKN,2012/07/24 00:00:00+00,Unknown,Raw,GRSM_GIS,ac793195-d441-4a34-bc2c-2f16a847ac90,0.000133468,0.054323041
25,,30000,2007,,The Purchase Road ,538990,37.03218476,Internal NPS Only,UNKN,2012/07/24 00:00:00+00,Unknown,Raw,GRSM_GIS,65ca94cf-f181-4681-ad27-9832bb9b8f07,1.49E-05,0.018401327
26,,30000,2007,,Foothills Parkway Section 8h,540544,34.68864693,Internal NPS Only,UNKN,2012/07/24 00:00:00+00,Unknown,Raw,GRSM_GIS,53569b84-232d-4088-aace-2f6407554d06,1.40E-05,0.014495309
27,,30000,2008,,Old Cataloochee Turnpike,556610,11.7355354,Internal NPS Only,UNKN,2012/07/24 00:00:00+00,Unknown,Raw,GRSM_GIS,83e9cf00-38a3-4b37-999f-bb8d046974c6,4.73E-06,0.011299244
28,,30000,2008,,Foothills Parkway Section 8a,579681,87.58836553,Internal NPS Only,UNKN,2012/07/24 00:00:00+00,Unknown,Raw,GRSM_GIS,10c1a83c-26b9-4442-9f6e-298f116e9faf,3.54E-05,0.030550918
29,,30000,2006,,Gatlinburg Spur Road (South),517368,0.27029695,Internal NPS Only,UNKN,2012/07/24 00:00:00+00,Unknown,Raw,GRSM_GIS,a3a21a8a-3320-4150-9551-a6d20ed4ca81,1.09E-07,0.00143257
30,,30000,2006,,Foothills Parkway Section 8h,518209,17.92930394,Internal NPS Only,UNKN,2012/07/24 00:00:00+00,Unknown,Raw,GRSM_GIS,88df595b-7370-484e-b740-aba2edae4eac,7.22E-06,0.01654325
31,,30000,2006,,Old Cataloochee Turnpike,518631,23.77930057,Internal NPS Only,UNKN,2012/07/24 00:00:00+00,Unknown,Raw,GRSM_GIS,b28a5e41-56e8-48fe-96df-9591850afd06,9.58E-06,0.014887414
32,,30000,2007,,Upper Tremont Road,548145,33.27989308,Internal NPS Only,UNKN,2012/07/24 00:00:00+00,Unknown,Raw,GRSM_GIS,a6405d85-4b7e-4fea-bc6a-8b5f87a748b8,1.34E-05,0.02147357
33,,30000,2007,Abrams Falls Trail,Abrams Creek Campground Road,553383,942.6069157,Internal NPS Only,UNKN,2012/07/24 00:00:00+00,Unknown,Raw,GRSM_GIS,33014671-e4c4-44bd-bf40-66b702e8aa87,0.000379502,0.099997963
34,,30000,2007,,Parson Branch Road,552323,177.7087466,Internal NPS Only,UNKN,2012/07/24 00:00:00+00,Unknown,Raw,GRSM_GIS,f35f633b-a3fb-428c-bf54-5f4b837c4a8d,7.15E-05,0.041711842
35,,30000,2007,,Foothills Parkway Section 8g,552384,72.15796909,Internal NPS Only,UNKN,2012/07/24 00:00:00+00,Unknown,Raw,GRSM_GIS,87ac7d65-72b0-45f2-b40d-496cd69f8391,2.91E-05,0.031623972
36,,30000,2007,,Newfound Gap Road South,552250,0.10838599,Internal NPS Only,UNKN,2012/07/24 00:00:00+00,Unknown,Raw,GRSM_GIS,d69bb283-83f0-408c-8df7-6e070b59ac4a,4.36E-08,0.000827027
37,,30000,2003,,Gatlinburg Bypass Road,224802,4.43966736,Internal NPS Only,UNKN,2012/07/24 00:00:00+00,Unknown,Raw,GRSM_GIS,15fb305e-626b-461b-b1fc-6677fe6ade55,1.79E-06,0.005466579
38,,30000,2004,,Foothills Parkway Section 8h,224870,84.78795042,Internal NPS Only,UNKN,2012/07/24 00:00:00+00,Unknown,Raw,GRSM_GIS,b155c6e3-3484-4649-9cf9-903958806025,3.41E-05,0.029102397
39,,30000,2004,,Rich Mountain Road,224874,162.8467782,Internal NPS Only,UNKN,2012/07/24 00:00:00+00,Unknown,Raw,GRSM_GIS,f9c19909-6e16-4434-bd98-38d030396ec8,6.56E-05,0.049129716
40,,30000,2004,,Look Rock Campground Road A,224876,24.85441126,Internal NPS Only,UNKN,2012/07/24 00:00:00+00,Unknown,Raw,GRSM_GIS,f73cf3ac-605d-4e5b-aed5-1a589a6ccfa7,1.00E-05,0.013978933
41,,30000,2005,,Sugarlands Maintenace Yard Parking C,224892,0.99392958,Internal NPS Only,UNKN,2012/07/24 00:00:00+00,Unknown,Raw,GRSM_GIS,7d9219a4-3c57-4341-8633-0a59d1b4e20b,4.01E-07,0.002866519
42,,30000,2005,,Newfound Gap Road South,224894,7.52637859,Internal NPS Only,UNKN,2012/07/24 00:00:00+00,Unknown,Raw,GRSM_GIS,f526df69-7a81-4d84-a927-b8d0826e3372,3.03E-06,0.01260308
43,,30000,2006,,Foothills Parkway Southwest Parking # 12,533822,0.00277003,Internal NPS Only,UNKN,2012/07/24 00:00:00+00,Unknown,Raw,GRSM_GIS,9e739939-51a9-48bf-8ab4-67663dd50fc3,1.12E-09,0.000147873
44,,30000,2003,,Foothills Parkway Section 8e,224797,8.60202097,Internal NPS Only,UNKN,2012/07/24 00:00:00+00,Unknown,Raw,GRSM_GIS,d8756bb3-a0ee-462d-92f6-797c5dcde2e4,3.47E-06,0.00855417
45,,30000,2004,,Foothills Parkway Section 8g,224869,2.28902636,Internal NPS Only,UNKN,2012/07/24 00:00:00+00,Unknown,Raw,GRSM_GIS,2a508914-f18f-49d4-9b6c-a79b76eaffb5,9.22E-07,0.004309359
46,,30000,2004,,Foothills Parkway Section 8h,224877,8.55336105,Internal NPS Only,UNKN,2012/07/24 00:00:00+00,Unknown,Raw,GRSM_GIS,5422f4b7-0cf9-4f3c-908b-75e96aa5b600,3.44E-06,0.00844298
47,,30000,2007,,Foothills Parkway Section 8h,553189,42.14973432,Internal NPS Only,UNKN,2012/07/24 00:00:00+00,Unknown,Raw,GRSM_GIS,1eb5b2c3-6e90-4023-832d-bb3d2d814c69,1.70E-05,0.02295182
48,,30000,2009,,Foothills Parkway Section 8e,589381,11.73633347,Internal NPS Only,UNKN,2012/07/24 00:00:00+00,Unknown,Raw,GRSM_GIS,3ee8c95e-d789-4695-8346-2ca4fefd537c,4.73E-06,0.010571268
49,,30000,2009,,Fighting Creek Gap Road,586959,278.5777075,Internal NPS Only,UNKN,2012/07/24 00:00:00+00,Unknown,Raw,GRSM_GIS,2c6825ec-5981-4362-8998-670718631c19,0.000112237,0.048325179
50,,30000,2009,Scott Mountain Trail,Laurel Creek Road,586967,1.34531694,Internal NPS Only,UNKN,2012/07/24 00:00:00+00,Unknown,Raw,GRSM_GIS,a8805cd0-4a93-47d1-973d-757d12e59c5f,5.42E-07,0.00337012
51,,30000,2009,Hannah Mountain Trail,Foothills Parkway Section 8h,586972,26.43291682,Internal NPS Only,UNKN,2012/07/24 00:00:00+00,Unknown,Raw,GRSM_GIS,6e8930aa-87f8-45ed-9ca3-e0d66bc3a4bc,1.06E-05,0.013979959
52,,30000,2002,Cane Creek Trail,Foothills Parkway Section 8g,224796,3.384977,Internal NPS Only,UNKN,2012/07/24 00:00:00+00,Unknown,Raw,GRSM_GIS,9f92b5f4-85a6-4c12-ac6d-1aef546bce81,1.36E-06,0.005818914
53,,30000,2002,Cane Creek Trail,Foothills Parkway Section 8g,224792,2.03652507,Internal NPS Only,UNKN,2012/07/24 00:00:00+00,Unknown,Raw,GRSM_GIS,e9918511-d5ef-4887-b7ff-87c7f9d0ff25,8.21E-07,0.004410593
54,,30000,2002,Rich Mountain Trail,Rich Mountain Road,224780,11.98715817,Internal NPS Only,UNKN,2012/07/24 00:00:00+00,Unknown,Raw,GRSM_GIS,f467b5f2-59c8-451b-af69-cd86f7b6dd6c,4.83E-06,0.009255583
55,,30000,2002,John Oliver Cabin access ,Cades Cove Loop Road,224727,4.5736516,Internal NPS Only,UNKN,2012/07/24 00:00:00+00,Unknown,Raw,GRSM_GIS,008a3d51-8380-4fb1-9d06-22c59bff4686,1.84E-06,0.005113237
56,,30000,2002,Enloe Creek Trail,Straight Fork Road,224715,8.62688841,Internal NPS Only,UNKN,2012/07/24 00:00:00+00,Unknown,Raw,GRSM_GIS,966592ed-25a0-4d81-a68c-1cf3428ed6b5,3.47E-06,0.007202982
57,,30000,2001,Roundtop Trail,Foothills Parkway Section 8e,224708,15.45816815,Internal NPS Only,UNKN,2012/07/24 00:00:00+00,Unknown,Raw,GRSM_GIS,1babff14-421f-4c8f-99a6-bdc6b0bfd4c3,6.23E-06,0.012075322
58,,30000,2001,Ace Gap Trail,Foothills Parkway Section 8g,224707,16.85399059,Internal NPS Only,UNKN,2012/07/24 00:00:00+00,Unknown,Raw,GRSM_GIS,f2fe37ab-d66c-4777-85ae-5cd5327c346b,6.79E-06,0.010267468
59,,30000,2001,Roundtop Trail,Foothills Parkway Section 8e,224705,14.07203338,Internal NPS Only,UNKN,2012/07/24 00:00:00+00,Unknown,Raw,GRSM_GIS,5860d655-0b8f-4713-bf04-3223ccc5e3a2,5.67E-06,0.010810414
60,,30000,2001,Deep Creek Trail,Tom Branch Road,224703,6705.182304,Internal NPS Only,UNKN,2012/07/24 00:00:00+00,Unknown,Raw,GRSM_GIS,f2a83755-6283-4d26-8268-c404c0a84fec,0.002695743,0.307597021
61,,30000,2001,Bradley Fork Trail,Bradley Fork Trailhead Parking,224663,23.46084576,Internal NPS Only,UNKN,2012/07/24 00:00:00+00,Unknown,Raw,GRSM_GIS,3c52a8d4-2f06-441c-8239-97acb0319827,9.44E-06,0.012117644
62,,30000,2001,Appalachian Trail,Forge Creek Parking @ End,224662,6.44044854,Internal NPS Only,UNKN,2012/07/24 00:00:00+00,Unknown,Raw,GRSM_GIS,e26ada57-26c5-41f5-a5ff-faad272e3191,2.59E-06,0.006127391
63,,30000,2001,Meigs Creek Trail,Little River Gorge Road,224661,17.5304885,Internal NPS Only,UNKN,2012/07/24 00:00:00+00,Unknown,Raw,GRSM_GIS,29656eb4-de94-45ca-8789-d782c3cd7d76,7.06E-06,0.012308486
64,,30000,2001,Tunnel Bypass Trail NC,Lakeview Drive East Parking #4,224657,822.5107456,Internal NPS Only,UNKN,2012/07/24 00:00:00+00,Unknown,Raw,GRSM_GIS,7644fa52-54c9-4437-bcd4-215267e3de24,0.000330477,0.095785606
65,,30000,1999,Indian Grave Gap Trail,Laurel Creek Road,224550,0.34070573,Internal NPS Only,UNKN,2012/07/24 00:00:00+00,Unknown,Raw,GRSM_GIS,590bdfd9-bd5c-40b7-9bc6-097471037e01,1.37E-07,0.001382862
66,,30000,1999,Hannah Mountain Trail,Foothills Parkway Section 8h,224534,483.2766592,Internal NPS Only,UNKN,2012/07/24 00:00:00+00,Unknown,Raw,GRSM_GIS,42ccd16b-66dc-4e50-8c98-1166154f52c2,0.000194389,0.070970795
67,,30000,1999,Foothills Spur Trail ,King Branch Road,224528,4.24199818,Internal NPS Only,UNKN,2012/07/24 00:00:00+00,Unknown,Raw,GRSM_GIS,fb1d05ed-e555-407a-9ac3-b6b102afa2db,1.71E-06,0.005416619
68,,30000,1999,Little Dudley Concession Horse Trail,Smoky Mountain Stables Road,224517,1.55604667,Internal NPS Only,UNKN,2012/07/24 00:00:00+00,Unknown,Raw,GRSM_GIS,e163c7f1-f1b9-48d3-9d42-8ebd4f1ab3fe,6.27E-07,0.00311563
69,,30000,1998,Cane Creek Trail,Foothills Parkway Section 8g,224500,1.22447083,Internal NPS Only,UNKN,2012/07/24 00:00:00+00,Unknown,Raw,GRSM_GIS,d45e7277-c66f-49e0-8ef5-60171daed57c,4.93E-07,0.002568727
70,,30000,1998,Wet Bottom Trail,Forge Creek Road,224494,3.81584384,Internal NPS Only,UNKN,2012/07/24 00:00:00+00,Unknown,Raw,GRSM_GIS,9c4f7539-c9fc-4ac3-b6fc-95946e3bfc58,1.54E-06,0.005148939
71,,30000,1998,Hannah Mountain Trail,Foothills Parkway Section 8h,224493,3.14148424,Internal NPS Only,UNKN,2012/07/24 00:00:00+00,Unknown,Raw,GRSM_GIS,603608ab-5519-4ba9-b002-c937f54c68ba,1.26E-06,0.004418156
72,,30000,1998,Oconaluftee River Trail,Access Road To Big Cove Road,224467,27.48223874,Internal NPS Only,UNKN,2012/07/24 00:00:00+00,Unknown,Raw,GRSM_GIS,0812532d-b4a1-4a4a-aa5f-756773301041,1.10E-05,0.014769649
73,,30000,1997,Lakeshore Trail,Lakeview Drive East Parking #4,224447,45.01086419,Internal NPS Only,UNKN,2012/07/24 00:00:00+00,Unknown,Raw,GRSM_GIS,854a412a-ad05-41e6-8d28-d5a7ded49786,1.81E-05,0.020669145
74,,30000,1997,Thomas Divide Trail,Galbraith Creek Road,224445,120.7635341,Internal NPS Only,UNKN,2012/07/24 00:00:00+00,Unknown,Raw,GRSM_GIS,8ccb9232-ea29-48d2-9a20-5e589f7d1184,4.85E-05,0.031356336
75,,30000,1996,Cove Mountain Trail,Wear Cove Gap Road,224435,2.53989109,Internal NPS Only,UNKN,2012/07/24 00:00:00+00,Unknown,Raw,GRSM_GIS,9c901650-aa18-4ef4-80a3-3bd2273396a2,1.02E-06,0.00411808
76,,30000,1995,Roundtop Trail,Foothills Parkway Section 8e,224403,7.37809575,Internal NPS Only,UNKN,2012/07/24 00:00:00+00,Unknown,Raw,GRSM_GIS,cc2c6aa0-6739-4bb8-b744-79572d6cb9d7,2.97E-06,0.008031108
77,,30000,1995,Cane Creek Trail,Foothills Parkway Section 8g,224399,0.23430642,Internal NPS Only,UNKN,2012/07/24 00:00:00+00,Unknown,Raw,GRSM_GIS,4d86957e-4075-4dd6-8858-b1563c689730,9.44E-08,0.001159365
78,,30000,1995,Cane Creek Trail,Foothills Parkway Section 8g,224397,166.894072,Internal NPS Only,UNKN,2012/07/24 00:00:00+00,Unknown,Raw,GRSM_GIS,b4a2b809-5a90-47c5-8445-425ed94e5604,6.73E-05,0.035552096
79,,30000,1995,Cane Creek Trail,Foothills Parkway Section 8g,224396,3.23234929,Internal NPS Only,UNKN,2012/07/24 00:00:00+00,Unknown,Raw,GRSM_GIS,aadac021-a228-4c4f-83a2-9e7dafc402be,1.30E-06,0.004854204
80,,30000,1995,Roundtop Trail,Little River Gorge Road,224392,2.67392572,Internal NPS Only,UNKN,2012/07/24 00:00:00+00,Unknown,Raw,GRSM_GIS,a442fa49-2a20-4163-a8f6-1f91ef3145fd,1.08E-06,0.004168971
81,,30000,1995,Cove Mountain Trail,Gatlinburg Bypass Road,224389,7.18895277,Internal NPS Only,UNKN,2012/07/24 00:00:00+00,Unknown,Raw,GRSM_GIS,ca61e6ac-14d0-4245-9e69-7f185144582e,2.90E-06,0.008224858
82,,30000,1995,Appalachian Trail,Laurel Creek Road,224388,3.1615463,Internal NPS Only,UNKN,2012/07/24 00:00:00+00,Unknown,Raw,GRSM_GIS,8589173c-5331-4df3-a65d-a45d6755b7ba,1.27E-06,0.005255283
83,,30000,1994,Foothills Spur Trail ,Gatlinburg Spur Road (North),224382,44.32582333,Internal NPS Only,UNKN,2012/07/24 00:00:00+00,Unknown,Raw,GRSM_GIS,7476e01e-a9a8-4291-ad7d-16b967660f98,1.79E-05,0.026551481
84,,30000,1994,Queen Cemetery Access,Newfound Gap Road South,224380,6.23610667,Internal NPS Only,UNKN,2012/07/24 00:00:00+00,Unknown,Raw,GRSM_GIS,8655366a-a117-4dc1-a035-bda1d93e128d,2.51E-06,0.006780687
85,,30000,1994,Queen Cemetery Access,Oconaluftee Job Corps Center Access Road,224379,2.40930853,Internal NPS Only,UNKN,2012/07/24 00:00:00+00,Unknown,Raw,GRSM_GIS,92806c86-461c-4474-ab43-c635a3f30500,9.69E-07,0.004349528
86,,30000,1994,Wolf Ridge Trail,Twenty Mile Ranger Station Road,224356,164.6608805,Internal NPS Only,UNKN,2012/07/24 00:00:00+00,Unknown,Raw,GRSM_GIS,9a4359df-ae1e-4e1c-af89-3bf20b9513e8,6.62E-05,0.038446319
87,,30000,1994,Lower Mount Cammerer Trail,Big Creek Entrance Road,224353,2.13742429,Internal NPS Only,UNKN,2012/07/24 00:00:00+00,Unknown,Raw,GRSM_GIS,faefc50d-cf61-43cf-9553-9e125b6367cc,8.62E-07,0.00434676
88,,30000,1993,Hannah Mountain Trail,Parson Branch Road,224351,134.4432694,Internal NPS Only,UNKN,2012/07/24 00:00:00+00,Unknown,Raw,GRSM_GIS,d33dcbd8-ff4c-441c-95ee-1b805e019d83,5.41E-05,0.032271866
89,,30000,1993,Schoolhouse Gap Trail,Laurel Creek Road,224343,3.56566664,Internal NPS Only,UNKN,2012/07/24 00:00:00+00,Unknown,Raw,GRSM_GIS,56f93f56-3caf-49c2-828e-b9965fbf0b7f,1.44E-06,0.004886832
90,,30000,1993,Tritt Cemetery Access Trail,Foothills Parkway Section 8a,224337,2.45028598,Internal NPS Only,UNKN,2012/07/24 00:00:00+00,Unknown,Raw,GRSM_GIS,dc9b1ff1-398d-450f-86f0-145868562d88,9.89E-07,0.004095187
91,,30000,1993,Mingus Creek Trail,Newfound Gap Road South,224334,3.85402537,Internal NPS Only,UNKN,2012/07/24 00:00:00+00,Unknown,Raw,GRSM_GIS,381ef91b-acc6-4e60-9068-e96a51a8fcb2,1.55E-06,0.004627412
92,,30000,1992,Lumber Ridge Trail,Tremont Road,224331,67.66249533,Internal NPS Only,UNKN,2012/07/24 00:00:00+00,Unknown,Raw,GRSM_GIS,8ec8c8da-51ee-4415-a273-ab9032af2942,2.73E-05,0.025272395
93,,30000,1992,Roundtop Trail,Foothills Parkway Section 8e,224330,1.19031264,Internal NPS Only,UNKN,2012/07/24 00:00:00+00,Unknown,Raw,GRSM_GIS,00a746ba-0f2b-46e1-98e7-64e37b719e2d,4.80E-07,0.00271551
94,,30000,1992,Look Rock Developed Trail,Foothills Parkway Section 8g,224329,18.97110802,Internal NPS Only,UNKN,2012/07/24 00:00:00+00,Unknown,Raw,GRSM_GIS,39e0783d-22e5-4f98-95c1-01e41c154c41,7.64E-06,0.016495371
95,,30000,1992,Foothills Spur Trail ,Gnatty Branch Road,224321,0.18131386,Internal NPS Only,UNKN,2012/07/24 00:00:00+00,Unknown,Raw,GRSM_GIS,7d0b04ab-b3cc-411b-8853-edca752839a9,7.31E-08,0.000998612
96,,30000,1991,Roundtop Trail,Foothills Parkway Section 8e,224311,0.43106296,Internal NPS Only,UNKN,2012/07/24 00:00:00+00,Unknown,Raw,GRSM_GIS,97a4ea65-4325-45ca-8bc4-a683bdcc6c8b,1.74E-07,0.001640121
97,,30000,1991,Lower Mount Cammerer Trail,Cosby Entrance Road,224310,2.77131102,Internal NPS Only,UNKN,2012/07/24 00:00:00+00,Unknown,Raw,GRSM_GIS,fcd24d20-66e6-41e5-85a4-959578d39a93,1.12E-06,0.004019488
98,,30000,1991,Cataloochee Divide Trail,Old Cataloochee Turnpike,224309,1.45226108,Internal NPS Only,UNKN,2012/07/24 00:00:00+00,Unknown,Raw,GRSM_GIS,72413328-e690-409f-9be7-98524b347419,5.85E-07,0.003683938
99,,30000,1991,Little Greenbrier Trail,Foothills Parkway Access Road,224306,0.22836225,Internal NPS Only,UNKN,2012/07/24 00:00:00+00,Unknown,Raw,GRSM_GIS,9253f736-3441-4260-bc3d-41bf8418fd9a,9.20E-08,0.001250681
100,,30000,1990,Tritt Cemetery Access Trail,Foothills Parkway Section 8a,224292,22.28427748,Internal NPS Only,UNKN,2012/07/24 00:00:00+00,Unknown,Raw,GRSM_GIS,a89e9397-4a8f-40f7-a261-51e72c531ca8,8.99E-06,0.012911805
101,,30000,1990,Tritt Cemetery Access Trail,Foothills Parkway Section 8a,224291,6.59305128,Internal NPS Only,UNKN,2012/07/24 00:00:00+00,Unknown,Raw,GRSM_GIS,79634129-ab22-493c-a03e-251f1d6630ae,2.66E-06,0.006343544
102,,30000,1989,Old Settlers Trail,Greenbrier Unpaved Road,224234,27.01775704,Internal NPS Only,UNKN,2012/07/24 00:00:00+00,Unknown,Raw,GRSM_GIS,5db445e3-ef8a-49ea-9ff3-b5bdc9ba96f0,1.09E-05,0.014342659
103,,30000,1988,Rabbit Creek Trail,Parson Branch Road ,224208,20.60318703,Internal NPS Only,UNKN,2012/07/24 00:00:00+00,Unknown,Raw,GRSM_GIS,4b06a9a7-3915-4a6c-b059-b5894992fb58,8.29E-06,0.01431291
104,,30000,1988,Hazel Creek Trail,Lakeview Drive West,224207,32.94110623,Internal NPS Only,UNKN,2012/07/24 00:00:00+00,Unknown,Raw,GRSM_GIS,7a8b9012-278d-4262-8a9d-2de58fb9aaed,1.32E-05,0.017622146
105,,30000,1988,Look Rock Developed Trail,Foothills Parkway Section 8h,224206,66.43060033,Internal NPS Only,UNKN,2012/07/24 00:00:00+00,Unknown,Raw,GRSM_GIS,49b4b7a3-2168-498c-8bc9-baac45882e5c,2.67E-05,0.049162104
106,,30000,1988,Little Bottoms Trail,Abrams Creek Campground Road,224205,49.64263466,Internal NPS Only,UNKN,2012/07/24 00:00:00+00,Unknown,Raw,GRSM_GIS,8d2050ae-5051-45aa-b052-82c8e5b21ea8,2.00E-05,0.025324159
107,,30000,1988,Flat Creek Trail,Balsam Mountain Road,224198,160.8322448,Internal NPS Only,UNKN,2012/07/24 00:00:00+00,Unknown,Raw,GRSM_GIS,b02c4e89-cc43-4e7f-86ae-24fe8691db1f,6.47E-05,0.033157308
108,,30000,1988,Long Hungry Ridge Trail,Payne Cemetery Access Road,224197,334.3305701,Internal NPS Only,UNKN,2012/07/24 00:00:00+00,Unknown,Raw,GRSM_GIS,f5ca760a-63b6-48f4-8265-3e01fd7b7751,0.000134391,0.058775737
109,,30000,1988,Thomas Divide Trail,Newfound Gap Road South,224190,8.18472034,Internal NPS Only,UNKN,2012/07/24 00:00:00+00,Unknown,Raw,GRSM_GIS,b526be71-52d1-4bb1-9803-328eb9cfabfa,3.29E-06,0.007191142
110,,30000,1988,Oconaluftee River Trail,Access Road To Big Cove Road,224188,419.0043277,Internal NPS Only,UNKN,2012/07/24 00:00:00+00,Unknown,Raw,GRSM_GIS,44f0917f-b3c5-4dc0-8922-f79655f2f8dc,0.00016847,0.075404511
111,,30000,1988,Gregory Bald Trail,Parson Branch Road ,224187,2.5767299,Internal NPS Only,UNKN,2012/07/24 00:00:00+00,Unknown,Raw,GRSM_GIS,702d8f8f-4566-474f-bac4-178edeb9f65f,1.04E-06,0.004658431
112,,30000,1988,Roundtop Trail,Foothills Parkway Section 8e,224186,9.69540189,Internal NPS Only,UNKN,2012/07/24 00:00:00+00,Unknown,Raw,GRSM_GIS,82e9feef-bd2f-4bc7-8380-ab00ee93a1b3,3.91E-06,0.008893352
113,,30000,1988,Laurel Falls Trail,Fighting Creek Gap Road,224184,76.09491938,Internal NPS Only,UNKN,2012/07/24 00:00:00+00,Unknown,Raw,GRSM_GIS,b797cf17-1c91-4132-8df3-a4ee26985ae7,3.07E-05,0.024543061
114,,30000,1988,Hannah Mountain Trail,Foothills Parkway Section 8h,224183,1303.47924,Internal NPS Only,UNKN,2012/07/24 00:00:00+00,Unknown,Raw,GRSM_GIS,d0747a78-049a-410f-9d3d-4c10dad4e9c2,0.000524289,0.13612596
115,,30000,1988,Hannah Mountain Trail,Parson Branch Road,224178,10.20585493,Internal NPS Only,UNKN,2012/07/24 00:00:00+00,Unknown,Raw,GRSM_GIS,cfaecbfc-0b0c-4078-836d-be9b04c20d0e,4.10E-06,0.010763951
116,,30000,1988,Hannah Mountain Trail,Parson Branch Road,224177,8.09983276,Internal NPS Only,UNKN,2012/07/24 00:00:00+00,Unknown,Raw,GRSM_GIS,76e75a3f-7aa2-4e07-93bd-24112fec745f,3.26E-06,0.009797751
117,,30000,1987,Roundtop Trail,Little River Gorge Road,224175,161.6247972,Internal NPS Only,UNKN,2012/07/24 00:00:00+00,Unknown,Raw,GRSM_GIS,c8976737-e54a-4394-89ce-e0e635b323f9,6.51E-05,0.049199123
118,,30000,1987,Ace Gap Trail,Rich Mountain Road,224172,300.2258236,Internal NPS Only,UNKN,2012/07/24 00:00:00+00,Unknown,Raw,GRSM_GIS,fd42a0a6-00cb-4675-be8b-f5d2c545b7d8,0.00012092,0.066339529
119,,30000,1987,Lower Mount Cammerer Trail,Cosby Entrance Road,224168,1.87233649,Internal NPS Only,UNKN,2012/07/24 00:00:00+00,Unknown,Raw,GRSM_GIS,f053b04c-4949-4c4c-a940-c48e7c04c769,7.55E-07,0.003475492
120,,30000,1987,Look Rock Developed Trail,Foothills Parkway Section 8h,224167,1903.061781,Internal NPS Only,UNKN,2012/07/24 00:00:00+00,Unknown,Raw,GRSM_GIS,943f79a3-7d52-44e0-920a-56cd4e90eb8e,0.000765984,0.149613255
121,,30000,1987,Rabbit Creek Trail,Foothills Parkway Section 8h,224166,9.15523454,Internal NPS Only,UNKN,2012/07/24 00:00:00+00,Unknown,Raw,GRSM_GIS,bcfcdd9c-fb9b-4845-9ad3-401f808edf2e,3.68E-06,0.010012462
122,,30000,1987,Painter Ridge Concession Horse Trail,Cherokee Orchard Road,224163,16.91985909,Internal NPS Only,UNKN,2012/07/24 00:00:00+00,Unknown,Raw,GRSM_GIS,fd111c0a-cb0f-49fb-9613-044042908d3f,6.82E-06,0.01070289
123,,30000,1987,Ace Gap Trail,,224159,9.03200598,Internal NPS Only,UNKN,2012/07/24 00:00:00+00,Unknown,Raw,GRSM_GIS,b40a1ba3-2a51-4a5a-9751-e9764855a6c6,3.64E-06,0.009018853
124,,30000,1987,Hannah Mountain Trail,Parson Branch Road,224144,86.79137623,Internal NPS Only,UNKN,2012/07/24 00:00:00+00,Unknown,Raw,GRSM_GIS,a15a3708-8f41-4fe8-85a7-1ad1ee88d6f3,3.49E-05,0.028410453
125,,30000,1987,Cold Spring Gap Trail,Lakeview Drive East Parking #4,224140,0.98588581,Internal NPS Only,UNKN,2012/07/24 00:00:00+00,Unknown,Raw,GRSM_GIS,06be6802-577f-487a-ab5b-04d2d5adaa07,3.96E-07,0.002701038
126,,30000,1987,Flat Creek Trail,Heintooga Ridge Road,224138,41.89472259,Internal NPS Only,UNKN,2012/07/24 00:00:00+00,Unknown,Raw,GRSM_GIS,15fc0d40-4251-45b0-b27d-7a5f4ec5ff4c,1.69E-05,0.019263686
127,,30000,1987,Thomas Divide Trail,Galbraith Creek Road,224137,27.45045356,Internal NPS Only,UNKN,2012/07/24 00:00:00+00,Unknown,Raw,GRSM_GIS,70592354-e011-47fb-b4cd-b34746c1ce68,1.10E-05,0.016413774
128,,30000,1987,Hannah Mountain Trail,Foothills Parkway Section 8h,224132,18.7517425,Internal NPS Only,UNKN,2012/07/24 00:00:00+00,Unknown,Raw,GRSM_GIS,0608ffca-a8d9-4951-8c2c-8ea1a6d9a577,7.54E-06,0.010853781
129,,30000,1987,Rabbit Creek Trail,Foothills Parkway Section 8h,224131,4.06585562,Internal NPS Only,UNKN,2012/07/24 00:00:00+00,Unknown,Raw,GRSM_GIS,cc25dfd0-f23e-40be-90f9-e65f6bceaab1,1.64E-06,0.005872993
130,,30000,1986,Lower Mount Cammerer Trail,Big Creek Entrance Road,224128,2.66199488,Internal NPS Only,UNKN,2012/07/24 00:00:00+00,Unknown,Raw,GRSM_GIS,e7c688b3-9951-40a0-8946-8bf4ec1e6aaf,1.07E-06,0.004334691
131,,30000,1986,Cane Creek Trail,Foothills Parkway Southwest Parking # 10,224126,0.2665603,Internal NPS Only,UNKN,2012/07/24 00:00:00+00,Unknown,Raw,GRSM_GIS,ae0800a2-7e02-4e10-806d-c4cf4855c6de,1.07E-07,0.001367034
132,,30000,1986,Indian Grave Gap Trail,Rich Mountain Road,224124,2.94177422,Internal NPS Only,UNKN,2012/07/24 00:00:00+00,Unknown,Raw,GRSM_GIS,4451b375-af98-4975-a8ce-02a7b537b1de,1.18E-06,0.004371145
133,,30000,1986,Hemphill Bald Trail,Heintooga Ridge Road,224123,10.86035924,Internal NPS Only,UNKN,2012/07/24 00:00:00+00,Unknown,Raw,GRSM_GIS,5e82ce18-8fcd-4b9b-95bd-a430f3ab6cb1,4.37E-06,0.009663075
134,,30000,1986,Rough Fork Trail,Heintooga Ridge Road,224122,7.82495025,Internal NPS Only,UNKN,2012/07/24 00:00:00+00,Unknown,Raw,GRSM_GIS,3dc149b8-bc50-4bca-bfe1-3c4b0e2fffdd,3.15E-06,0.007337038
135,,30000,1986,Thomas Divide Trail,Indian Camp Creek Road,224114,25.23742784,Internal NPS Only,UNKN,2012/07/24 00:00:00+00,Unknown,Raw,GRSM_GIS,fd019755-3135-4d15-8db9-fb508d85e8b9,1.01E-05,0.014422653
136,,30000,1986,Tritt Cemetery Access Trail,Foothills Parkway Northeast Parking #3,224113,2.44843119,Internal NPS Only,UNKN,2012/07/24 00:00:00+00,Unknown,Raw,GRSM_GIS,f487680d-c524-431e-9f17-e2a109f148af,9.88E-07,0.003819507
137,,30000,1986,Finley Cane Trail,Laurel Creek Road,224112,535.1063574,Internal NPS Only,UNKN,2012/07/24 00:00:00+00,Unknown,Raw,GRSM_GIS,a5427562-0215-4356-9355-c34b8429d144,0.000215408,0.066235649
138,,30000,1986,Noland Creek Trail,Lakeview Drive East,224111,610.274353,Internal NPS Only,UNKN,2012/07/24 00:00:00+00,Unknown,Raw,GRSM_GIS,1cedc416-819f-43b1-87d1-247d928954d7,0.000245225,0.076654725
139,,30000,1986,Lower Mount Cammerer Trail,Cosby Entrance Road,224108,25.61670377,Internal NPS Only,UNKN,2012/07/24 00:00:00+00,Unknown,Raw,GRSM_GIS,3dda6faa-e195-4212-850d-f3139a0e2ac3,1.03E-05,0.012832873
140,,30000,1986,Deep Creek Trail,Tom Branch Road,224107,36.37702825,Internal NPS Only,UNKN,2012/07/24 00:00:00+00,Unknown,Raw,GRSM_GIS,3154a1ac-3625-4199-a188-36a9da2687c5,1.46E-05,0.018531517
141,,30000,1985,Appalachian Trail,Laurel Creek Road,224098,16.18623446,Internal NPS Only,UNKN,2012/07/24 00:00:00+00,Unknown,Raw,GRSM_GIS,7e70323e-d04f-468a-b926-146c8ab17f09,6.51E-06,0.012219863
142,,30000,1985,Cane Creek Trail,Foothills Parkway Section 8g,224095,13.73880439,Internal NPS Only,UNKN,2012/07/24 00:00:00+00,Unknown,Raw,GRSM_GIS,88cd71dc-0bd2-48d5-9124-b8160683b3da,5.53E-06,0.010529949
143,,30000,1985,Little Greenbrier Trail,Foothills Parkway Access Road,224094,3.12848254,Internal NPS Only,UNKN,2012/07/24 00:00:00+00,Unknown,Raw,GRSM_GIS,be61bf4b-90e5-4b1e-afc3-d467251ddf9c,1.26E-06,0.007220643
144,,30000,1985,Chestnut Top Trail,Foothills Parkway Section 8e,224085,15.27251293,Internal NPS Only,UNKN,2012/07/24 00:00:00+00,Unknown,Raw,GRSM_GIS,26c752e5-0812-49e9-8d36-1520e5e224ae,6.16E-06,0.009953167
145,,30000,1985,Gabes Mountain Trail,Cosby Pullout Parking @ Milepost 0.391,224084,200.3686515,Internal NPS Only,UNKN,2012/07/24 00:00:00+00,Unknown,Raw,GRSM_GIS,4a763734-ab39-47d9-969d-d80ae129ea12,8.08E-05,0.040638713
146,,30000,1985,Maddron Bald Trail,Foothills Parkway Section 8a,224081,8.12978248,Internal NPS Only,UNKN,2012/07/24 00:00:00+00,Unknown,Raw,GRSM_GIS,8204c5f1-8ed5-442d-9764-8f7f34e6eb80,3.28E-06,0.006835393
147,,30000,1985,Maddron Bald Trail,Foothills Parkway Section 8a,224080,1.46705621,Internal NPS Only,UNKN,2012/07/24 00:00:00+00,Unknown,Raw,GRSM_GIS,1437379e-3688-4a3d-9f3a-48c9d7d6fbe5,5.92E-07,0.003025851
148,,30000,1984,Old Settlers Trail,Foothills Parkway Section 8a,224075,2.11914389,Internal NPS Only,UNKN,2012/07/24 00:00:00+00,Unknown,Raw,GRSM_GIS,67d4b2d3-382f-464e-a0af-8e3aeb47f0c1,8.55E-07,0.003619375
149,,30000,1984,Maddron Bald Trail,Foothills Parkway Section 8a,224072,2.60065013,Internal NPS Only,UNKN,2012/07/24 00:00:00+00,Unknown,Raw,GRSM_GIS,0e16873c-a638-4507-9583-d5e34d382f21,1.05E-06,0.003932986
150,,30000,1984,Cane Creek Trail,Foothills Parkway Section 8g,224069,0.37035198,Internal NPS Only,UNKN,2012/07/24 00:00:00+00,Unknown,Raw,GRSM_GIS,2199f41c-29e9-402b-b694-c036c7307b23,1.49E-07,0.001442543
151,,30000,1984,Little Greenbrier Trail,Foothills Parkway Access Road,224064,17.56221593,Internal NPS Only,UNKN,2012/07/24 00:00:00+00,Unknown,Raw,GRSM_GIS,959d5d52-093a-4302-9f63-62b33f147d37,7.08E-06,0.014190216
152,,30000,1984,Chambers Cemetery Access,Newfound Gap Road South,224060,1.82523443,Internal NPS Only,UNKN,2012/07/24 00:00:00+00,Unknown,Raw,GRSM_GIS,0e0a5fb8-0229-4c14-bd97-1c06a8fd4634,7.34E-07,0.003526409
153,,30000,1983,Ace Gap Trail,Rich Mountain Road Parking Area,224058,41.8957625,Internal NPS Only,UNKN,2012/07/24 00:00:00+00,Unknown,Raw,GRSM_GIS,83ca200c-a39f-4903-a292-01ac621e5080,1.69E-05,0.018097196
154,,30000,1983,Little Greenbrier Trail,Wear Cove Gap Road,224056,1.81622552,Internal NPS Only,UNKN,2012/07/24 00:00:00+00,Unknown,Raw,GRSM_GIS,3bdf99fe-277a-4e5f-989f-f0841027bc5d,7.32E-07,0.004027549
155,,30000,1983,Little Greenbrier Trail,Wear Cove Gap Road,224055,8.31473088,Internal NPS Only,UNKN,2012/07/24 00:00:00+00,Unknown,Raw,GRSM_GIS,cdfbeae3-26d9-4711-aa49-7eb7ac8cce3e,3.35E-06,0.009825235
156,,30000,1983,,Lakeview Drive East Parking #4,224054,16.76924498,Internal NPS Only,UNKN,2012/07/24 00:00:00+00,Unknown,Raw,GRSM_GIS,ad764186-3d21-4744-bd4a-fa3b7f264fe5,6.74E-06,0.012506973
157,,30000,1982,Wolf Ridge Trail,Parson Branch Road,224053,27.40856006,Internal NPS Only,UNKN,2012/07/24 00:00:00+00,Unknown,Raw,GRSM_GIS,b04d3924-5638-4f91-80b6-1040c6cc8e6c,1.10E-05,0.012502
158,,30000,1982,Cataloochee Divide Trail,Old Cataloochee Turnpike,224051,3.10327223,Internal NPS Only,UNKN,2012/07/24 00:00:00+00,Unknown,Raw,GRSM_GIS,d7f279ad-1a9e-4962-b74c-4540fdfc8d79,1.25E-06,0.005659232
159,,30000,1981,Grassy Branch Trail ,Cherokee Orchard Road Turnaround,224046,3.8573215,Internal NPS Only,UNKN,2012/07/24 00:00:00+00,Unknown,Raw,GRSM_GIS,c130c59a-5fee-4074-9d80-f6c4b5458c48,1.55E-06,0.005295893
160,,30000,1981,Ace Gap Trail,Foothills Parkway Section 8e,224044,4.31190837,Internal NPS Only,UNKN,2012/07/24 00:00:00+00,Unknown,Raw,GRSM_GIS,1c0b8f03-d4b7-400b-8ebe-e93d1d2f3601,1.74E-06,0.007630666
161,,30000,1981,Appalachian Trail,Big Creek Entrance Road,224043,5.0845967,Internal NPS Only,UNKN,2012/07/24 00:00:00+00,Unknown,Raw,GRSM_GIS,f976a487-ce94-4634-93e1-a78987231797,2.05E-06,0.006057568
162,,30000,1981,Nations Cemetery Access,Oconaluftee Job Corps Center Access Road,224042,0.72785197,Internal NPS Only,UNKN,2012/07/24 00:00:00+00,Unknown,Raw,GRSM_GIS,7133b9e2-4345-441c-848b-c0fac7d5ea20,2.93E-07,0.002388887
163,,30000,1981,Chimney Tops Trail,Newfound Gap Road North,224038,1.29613135,Internal NPS Only,UNKN,2012/07/24 00:00:00+00,Unknown,Raw,GRSM_GIS,7a1d8167-b119-44f3-8be6-f19da40be6fa,5.22E-07,0.002616845
164,,30000,1981,Ace Gap Trail,Foothills Parkway Section 8g,224037,14.85748091,Internal NPS Only,UNKN,2012/07/24 00:00:00+00,Unknown,Raw,GRSM_GIS,b3c2b08e-6813-49b7-bb3b-79dc9d92c1e7,5.99E-06,0.009247326
165,,30000,1981,Cove Mountain Trail,Gatlinburg Bypass Road,224034,0.49165515,Internal NPS Only,UNKN,2012/07/24 00:00:00+00,Unknown,Raw,GRSM_GIS,7965a252-8f8d-4e01-b4bb-39b1ef40345a,1.98E-07,0.001785288
166,,30000,1981,Conner @ Hickory Flats Cemetery Access,Lakeview Drive East,224031,10.10346028,Internal NPS Only,UNKN,2012/07/24 00:00:00+00,Unknown,Raw,GRSM_GIS,759f45ae-bb61-429c-9493-9ecdccd84b6e,4.06E-06,0.013914374
167,,30000,1980,Big Creek Trail,Big Creek Campground Loop Road,224030,1098.89157,Internal NPS Only,UNKN,2012/07/24 00:00:00+00,Unknown,Raw,GRSM_GIS,04141fbc-b84b-421c-8e15-ac20d742c629,0.000443127,0.119936674
168,,30000,1980,Lawson Jenkins-Kerr Cemetery Access,Old Cataloochee Turnpike,224029,20.20128943,Internal NPS Only,UNKN,2012/07/24 00:00:00+00,Unknown,Raw,GRSM_GIS,4328c858-4064-4879-ba53-b7b6de569b8b,8.14E-06,0.012504225
169,,30000,1980,Appalachian Trail,Morton Mountain Tunnel North Parking,224027,7.25786721,Internal NPS Only,UNKN,2012/07/24 00:00:00+00,Unknown,Raw,GRSM_GIS,d6168270-717b-498c-b10d-5532fd1f2e70,2.92E-06,0.008004406
170,,30000,1980,Noland Divide Trail,West Deep Creek Road,224026,0.34441196,Internal NPS Only,UNKN,2012/07/24 00:00:00+00,Unknown,Raw,GRSM_GIS,a0aa1896-6e62-432f-badd-e3c3708641dc,1.38E-07,0.00145404
171,,30000,1980,Noland Creek Trail,Lakeview Drive East,224024,423.177663,Internal NPS Only,UNKN,2012/07/24 00:00:00+00,Unknown,Raw,GRSM_GIS,a7eeae9d-2e8b-41a4-af29-707e5128befd,0.000170052,0.055385107
172,,30000,1980,Tunnel Bypass Trail NC,Lakeview Drive East,224023,115.3607774,Internal NPS Only,UNKN,2012/07/24 00:00:00+00,Unknown,Raw,GRSM_GIS,f974b5a1-c2bc-4002-a544-5f8ee5d370b2,4.64E-05,0.027322808
173,,30000,1980,Deep Creek Trail,Tom Branch Road,224020,14.33287487,Internal NPS Only,UNKN,2012/07/24 00:00:00+00,Unknown,Raw,GRSM_GIS,a05f731a-8a4d-48ed-b4ed-961189fcbe75,5.76E-06,0.009846507
174,,30000,1980,Look Rock Developed Trail,Look Rock Picnic Area Road A,224017,6.33206974,Internal NPS Only,UNKN,2012/07/24 00:00:00+00,Unknown,Raw,GRSM_GIS,c179276b-a738-419c-b33f-4bf0caa98193,2.55E-06,0.00694982
175,,30000,1980,Lakeshore Trail,Lakeview Drive East Parking #4,224015,29.23501838,Internal NPS Only,UNKN,2012/07/24 00:00:00+00,Unknown,Raw,GRSM_GIS,bd475e21-d9ed-4edf-9fbe-999a070b76e8,1.17E-05,0.013755149
176,,30000,1980,Cataloochee Divide Trail,Old Cataloochee Turnpike,224014,2.99339428,Internal NPS Only,UNKN,2012/07/24 00:00:00+00,Unknown,Raw,GRSM_GIS,83ab3e33-042b-43de-9150-87cdd2a567c9,1.21E-06,0.004886922
177,,30000,1980,Hannah Mountain Trail,Parson Branch Road,224012,24.80339358,Internal NPS Only,UNKN,2012/07/24 00:00:00+00,Unknown,Raw,GRSM_GIS,a4c27f71-c1b7-41ea-8f14-a7d8305177b4,9.97E-06,0.014357086
178,,30000,1979,Look Rock Developed Trail,Foothills Parkway Southwest Parking #6,224011,2.47427454,Internal NPS Only,UNKN,2012/07/24 00:00:00+00,Unknown,Raw,GRSM_GIS,9781014b-7f21-4028-a8b8-94fffc6517d8,9.96E-07,0.004095976
179,,30000,1979,Chestnut Branch Trail,Big Creek Entrance Road,224010,44.67085616,Internal NPS Only,UNKN,2012/07/24 00:00:00+00,Unknown,Raw,GRSM_GIS,03567861-6b9d-4b5c-84be-3c14ce5ef22d,1.80E-05,0.015970801
180,,30000,1979,Wolf Ridge Trail,Parson Branch Road,224007,3.02030853,Internal NPS Only,UNKN,2012/07/24 00:00:00+00,Unknown,Raw,GRSM_GIS,b1c652b7-8009-4e83-a941-819347b1bf17,1.21E-06,0.004101623
181,,30000,1979,Cove Mountain Trail,Gatlinburg Bypass Road,224005,6.251897,Internal NPS Only,UNKN,2012/07/24 00:00:00+00,Unknown,Raw,GRSM_GIS,77ed0e30-8b26-4b55-92b3-74f89281cc40,2.52E-06,0.007865238
182,,30000,1978,Ace Gap Trail,Foothills Parkway Section 8e,224002,3.8774468,Internal NPS Only,UNKN,2012/07/24 00:00:00+00,Unknown,Raw,GRSM_GIS,65adfb65-b901-4258-acbf-2b2c05456edc,1.56E-06,0.004728375
183,,30000,1978,Ace Gap Trail,Foothills Parkway Southwest Parking # 16,224001,7.01705705,Internal NPS Only,UNKN,2012/07/24 00:00:00+00,Unknown,Raw,GRSM_GIS,abb7cb9b-e0a6-4207-a50a-9662a868be2a,2.83E-06,0.006222121
184,,30000,1978,Thomas Divide Trail,Indian Camp Creek Road,223999,4.69717685,Internal NPS Only,UNKN,2012/07/24 00:00:00+00,Unknown,Raw,GRSM_GIS,0cd66e48-384a-44ed-a84a-487d046a36e5,1.89E-06,0.005070957
185,,30000,1978,,Lakeview Drive East Parking #4,223998,14.71094455,Internal NPS Only,UNKN,2012/07/24 00:00:00+00,Unknown,Raw,GRSM_GIS,34e9edad-7872-4f7b-a948-9d6336446747,5.91E-06,0.01030161
186,,30000,1978,Conner @ Hickory Flats Cemetery Access,Lakeview Drive East,223996,313.4037764,Internal NPS Only,UNKN,2012/07/24 00:00:00+00,Unknown,Raw,GRSM_GIS,2cffe8b5-7496-439f-af25-36dc8a8cdccb,0.00012592,0.072347866
187,,30000,1978,Noland Divide Trail,East Deep Creek Road,223995,20.70776405,Internal NPS Only,UNKN,2012/07/24 00:00:00+00,Unknown,Raw,GRSM_GIS,8d1ef3fa-1034-4cbf-959f-22faf93ce917,8.32E-06,0.011597542
188,,30000,1978,Queen Cemetery Access,Oconaluftee Job Corps Center Access Road,223992,4.47150107,Internal NPS Only,UNKN,2012/07/24 00:00:00+00,Unknown,Raw,GRSM_GIS,ac1b06bc-b576-457f-b5c1-5a5191a744c4,1.80E-06,0.005013799
189,,30000,1978,Old Settlers Trail,Greenbrier Road,223991,3.17870075,Internal NPS Only,UNKN,2012/07/24 00:00:00+00,Unknown,Raw,GRSM_GIS,221f952e-5709-4976-9871-3f232a6ca477,1.28E-06,0.004198757
190,,30000,1978,Lower Mount Cammerer Trail,Big Creek Entrance Road,223990,111.6345107,Internal NPS Only,UNKN,2012/07/24 00:00:00+00,Unknown,Raw,GRSM_GIS,8f7b73ae-5d1f-4d0c-abb1-666f23b3b795,4.50E-05,0.038080255
191,,30000,1978,Old Settlers Trail,Foothills Parkway Section 8a,223989,3.10452192,Internal NPS Only,UNKN,2012/07/24 00:00:00+00,Unknown,Raw,GRSM_GIS,dad6469e-9135-4261-9bf5-49e01693886c,1.25E-06,0.005473931
192,,30000,1978,Roundtop Trail,Foothills Parkway Section 8e,223988,79.64476985,Internal NPS Only,UNKN,2012/07/24 00:00:00+00,Unknown,Raw,GRSM_GIS,6c3f0ac8-9ed8-49ba-a8b6-dbaeb7cb3d0f,3.21E-05,0.021382574
193,,30000,1978,Noland Creek Trail,Lakeview Drive East,223987,3.12564876,Internal NPS Only,UNKN,2012/07/24 00:00:00+00,Unknown,Raw,GRSM_GIS,07f9851f-8e07-494b-8d9f-9c40c88eab7a,1.26E-06,0.004197103
194,,30000,1978,Conner @ Hickory Flats Cemetery Access,Lakeview Drive East,223986,158.8780492,Internal NPS Only,UNKN,2012/07/24 00:00:00+00,Unknown,Raw,GRSM_GIS,22dde0f8-7a90-4309-92b3-44a02399ab0e,6.38E-05,0.036126627
195,,30000,1978,Lower Mount Cammerer Trail,Cosby Entrance Road,223985,6.14392411,Internal NPS Only,UNKN,2012/07/24 00:00:00+00,Unknown,Raw,GRSM_GIS,37848d55-8a78-426a-8137-32ea3740fdca,2.48E-06,0.006515598
196,,30000,1978,Roundtop Trail,Foothills Parkway Section 8e,223982,2.29126194,Internal NPS Only,UNKN,2012/07/24 00:00:00+00,Unknown,Raw,GRSM_GIS,b9de9be6-f66a-420f-9a49-ca7e24f74b02,9.24E-07,0.004044532
197,,30000,1978,Conner @ Hickory Flats Cemetery Access,Lakeview Drive East,223981,3.58151712,Internal NPS Only,UNKN,2012/07/24 00:00:00+00,Unknown,Raw,GRSM_GIS,433c9819-6533-4617-a8ee-1c9c1d987f49,1.44E-06,0.004556877
198,,30000,1978,Conner @ Hickory Flats Cemetery Access,Lakeview Drive East,223979,2.82581682,Internal NPS Only,UNKN,2012/07/24 00:00:00+00,Unknown,Raw,GRSM_GIS,4e31de2a-3009-4018-80bd-5164fa804443,1.14E-06,0.004377144
199,,30000,1978,Sugarland Mountain Trail,Fighting Creek Gap Road,223978,3.56576115,Internal NPS Only,UNKN,2012/07/24 00:00:00+00,Unknown,Raw,GRSM_GIS,405c5301-2c1c-4d16-a191-e25eb873a650,1.44E-06,0.004451036
200,,30000,1978,Gold Mine Trail,Foothills Parkway Section 8g,223977,228.868432,Internal NPS Only,UNKN,2012/07/24 00:00:00+00,Unknown,Raw,GRSM_GIS,a5ac94f5-52dd-4b25-a8ef-ab9c7b9ff20e,9.22E-05,0.038798706
201,,30000,1977,Lower Mount Cammerer Trail,Cosby Entrance Road,223972,6.65916717,Internal NPS Only,UNKN,2012/07/24 00:00:00+00,Unknown,Raw,GRSM_GIS,f5691b53-9ea3-46c8-98b7-6118a235ca71,2.69E-06,0.007208693
202,,30000,1977,Maddron Bald Trail,Foothills Parkway Section 8a,223971,29.34113919,Internal NPS Only,UNKN,2012/07/24 00:00:00+00,Unknown,Raw,GRSM_GIS,a1da27e0-b469-4300-ad42-8702bdd57e85,1.18E-05,0.015845953
203,,30000,1977,Cane Creek Trail,Foothills Parkway Section 8g,223970,118.5881862,Internal NPS Only,UNKN,2012/07/24 00:00:00+00,Unknown,Raw,GRSM_GIS,310d6843-ffc8-4493-a03f-a12907f9069c,4.78E-05,0.030570346
204,,30000,1977,Huskey Gap Trail,Newfound Gap Road North,223964,12.40011471,Internal NPS Only,UNKN,2012/07/24 00:00:00+00,Unknown,Raw,GRSM_GIS,e7b0a52f-18de-4bdb-8063-0fee924e1273,4.99E-06,0.008547198
205,,30000,1977,Chestnut Top Trail,Townsend Entrance Road,223969,4.69054324,Internal NPS Only,UNKN,2012/07/24 00:00:00+00,Unknown,Raw,GRSM_GIS,734e18ca-aff8-4b78-ac9c-33ae1bdcc091,1.89E-06,0.005184728
206,,30000,1977,Roundtop Trail,Townsend Entrance Road,223967,7.30757416,Internal NPS Only,UNKN,2012/07/24 00:00:00+00,Unknown,Raw,GRSM_GIS,85fb8f06-8365-4cb5-9a1c-780d1c0ab472,2.94E-06,0.006591593
207,,30000,1977,Gatlinburg Trail,Gatlinburg Bypass Road,223963,41.83022063,Internal NPS Only,UNKN,2012/07/24 00:00:00+00,Unknown,Raw,GRSM_GIS,a8ae738a-6128-46f6-9787-cf2ffee9ac60,1.69E-05,0.017816815
208,,30000,1977,Chestnut Top Trail,Townsend Entrance Road,223961,5.31338021,Internal NPS Only,UNKN,2012/07/24 00:00:00+00,Unknown,Raw,GRSM_GIS,21b30a4e-3912-48d7-8963-456357d29e08,2.14E-06,0.005884842
209,,30000,1977,Lower Mount Cammerer Trail,Cosby Entrance Road,223959,9.01062328,Internal NPS Only,UNKN,2012/07/24 00:00:00+00,Unknown,Raw,GRSM_GIS,f9f6d322-2e15-4307-911c-68b067d72b44,3.64E-06,0.007522944
210,,30000,1977,Lower Mount Cammerer Trail,Cosby Entrance Road,223958,5.33656137,Internal NPS Only,UNKN,2012/07/24 00:00:00+00,Unknown,Raw,GRSM_GIS,7b80b581-e1c2-4e2a-a579-dba7e4f55727,2.15E-06,0.006133148
211,,30000,1976,Lower Mount Cammerer Trail,Big Creek Entrance Road,223954,45.03252222,Internal NPS Only,UNKN,2012/07/24 00:00:00+00,Unknown,Raw,GRSM_GIS,39673997-60a0-42af-8fdc-9628cbec5cc1,1.82E-05,0.017803341
212,,30000,1976,Cane Creek Trail,Foothills Parkway Southwest Parking #13,223953,130.2570636,Internal NPS Only,UNKN,2012/07/24 00:00:00+00,Unknown,Raw,GRSM_GIS,0f845fbb-b593-430b-ad14-5ff1541c8360,5.25E-05,0.031557209
213,,30000,1976,Cove Mountain Trail,Wear Cove Gap Road,223951,201.976767,Internal NPS Only,UNKN,2012/07/24 00:00:00+00,Unknown,Raw,GRSM_GIS,25d167ac-252f-4d85-ad23-a881208de0b0,8.14E-05,0.043487466
214,,30000,1976,Hannah Mountain Trail,Foothills Parkway Section 8h,223950,37.70378976,Internal NPS Only,UNKN,2012/07/24 00:00:00+00,Unknown,Raw,GRSM_GIS,22166020-8b6b-4f5a-b7ed-1f02387b19e8,1.52E-05,0.017318024
215,,30000,1976,Noland Divide Trail,Lakeview Drive East,223948,667.4294472,Internal NPS Only,UNKN,2012/07/24 00:00:00+00,Unknown,Raw,GRSM_GIS,6089f32b-fbd7-4031-970c-9710e0d4ad0e,0.000268199,0.076083305
216,,30000,1976,Gatlinburg Trail,Newfound Gap Road North,223947,24.83082902,Internal NPS Only,UNKN,2012/07/24 00:00:00+00,Unknown,Raw,GRSM_GIS,66ad97ff-2dbe-40da-88c2-90508b1913dd,1.00E-05,0.012662001
217,,30000,1976,Maddron Bald Trail,Foothills Parkway Section 8a,223945,0.72647978,Internal NPS Only,UNKN,2012/07/24 00:00:00+00,Unknown,Raw,GRSM_GIS,d98a9e73-d697-4d23-b675-a5ab23b47762,2.93E-07,0.002567165
218,,30000,1976,Mingus Creek Trail,Mingus Mill Access Road,223944,116.3508057,Internal NPS Only,UNKN,2012/07/24 00:00:00+00,Unknown,Raw,GRSM_GIS,be340f4a-3842-49df-862a-3c84d5a2d1ed,4.68E-05,0.030292538
219,,30000,1976,Hannah Mountain Trail,Parson Branch Road,223943,34.04972292,Internal NPS Only,UNKN,2012/07/24 00:00:00+00,Unknown,Raw,GRSM_GIS,00832902-eec5-450a-b084-464a0f2ec7c6,1.37E-05,0.015830435
220,,30000,1976,Hannah Mountain Trail,Parson Branch Road,223942,27.53787261,Internal NPS Only,UNKN,2012/07/24 00:00:00+00,Unknown,Raw,GRSM_GIS,6ca45e9d-9e1e-40d9-96bd-31b8b787244b,1.11E-05,0.015226986
221,,30000,1976,Hannah Mountain Trail,Parson Branch Road,223941,80.38710376,Internal NPS Only,UNKN,2012/07/24 00:00:00+00,Unknown,Raw,GRSM_GIS,a82d25c2-3113-4e99-bedd-030d61e73af6,3.23E-05,0.026736843
222,,30000,1976,,Lakeview Drive East Parking #4,223940,154.7360017,Internal NPS Only,UNKN,2012/07/24 00:00:00+00,Unknown,Raw,GRSM_GIS,13caa7b7-9dcb-4f67-8bf8-4ace41f9288c,6.22E-05,0.038562959
223,,30000,1976,Wolf Ridge Trail,Parson Branch Road,223939,22.91200571,Internal NPS Only,UNKN,2012/07/24 00:00:00+00,Unknown,Raw,GRSM_GIS,081d7413-9cf9-4bc4-8c08-1fbca80ee994,9.21E-06,0.011635512
224,,30000,1975,Appalachian Trail,Upper Tremont Road,223935,3.38441384,Internal NPS Only,UNKN,2012/07/24 00:00:00+00,Unknown,Raw,GRSM_GIS,06e6ee9a-09c7-4b6a-824c-c214af0bfc8b,1.36E-06,0.004440767
225,,30000,1975,Conner Cemetery Access,Newfound Gap Road South,223933,12.99676118,Internal NPS Only,UNKN,2012/07/24 00:00:00+00,Unknown,Raw,GRSM_GIS,689b5f85-cba6-4a86-bdc0-a7e15ab3a0f6,5.23E-06,0.009857888
226,,30000,1975,Noland Creek Trail,Lakeview Drive East,223931,285.4966978,Internal NPS Only,UNKN,2012/07/24 00:00:00+00,Unknown,Raw,GRSM_GIS,aac7acf8-7891-42cc-91dc-2477a8585902,0.00011472,0.046810692
227,,30000,1974,Old Settlers Trail,Greenbrier Unpaved Road,223929,26.61050616,Internal NPS Only,UNKN,2012/07/24 00:00:00+00,Unknown,Raw,GRSM_GIS,03e497fb-8591-42ad-bf92-a65daf19ec91,1.07E-05,0.013582226
228,,30000,1974,Maddron Bald Trail,Foothills Parkway Section 8a,223926,10.03180354,Internal NPS Only,UNKN,2012/07/24 00:00:00+00,Unknown,Raw,GRSM_GIS,c6678766-b858-47e0-9ec7-483374b96276,4.05E-06,0.007500691
229,,30000,1974,Cane Creek Trail,Foothills Parkway Southwest Parking #7,223918,19.74283616,Internal NPS Only,UNKN,2012/07/24 00:00:00+00,Unknown,Raw,GRSM_GIS,7e3888b8-209b-4910-af0c-69fe4bc25011,7.95E-06,0.011413255
230,,30000,1974,Gold Mine Trail,Foothills Parkway Section 8g,223922,3.81744129,Internal NPS Only,UNKN,2012/07/24 00:00:00+00,Unknown,Raw,GRSM_GIS,5a3c13c2-1f74-46cb-82d3-c704a93acca1,1.54E-06,0.005675693
231,,30000,1974,Twentymile Trail,Twenty Mile Ranger Station Road,223920,18.45575335,Internal NPS Only,UNKN,2012/07/24 00:00:00+00,Unknown,Raw,GRSM_GIS,82f4524a-5c0c-4fd0-bf58-517a9e8f8c52,7.42E-06,0.011896421
232,,30000,1972,Hannah Mountain Trail,Parson Branch Road,223909,14.21747152,Internal NPS Only,UNKN,2012/07/24 00:00:00+00,Unknown,Raw,GRSM_GIS,e571948a-560e-492f-8448-9e35a63c0724,5.72E-06,0.010714931
233,,30000,1972,Rabbit Creek Trail,Foothills Parkway Section 8h,223907,18.74221005,Internal NPS Only,UNKN,2012/07/24 00:00:00+00,Unknown,Raw,GRSM_GIS,ade0f602-951e-4954-b108-140eb2fc2d8f,7.54E-06,0.013812002
234,,30000,1972,Wolf Ridge Trail,Parson Branch Road,223906,13.21812402,Internal NPS Only,UNKN,2012/07/24 00:00:00+00,Unknown,Raw,GRSM_GIS,a1b22088-51e7-49e8-9471-baab85eca0ff,5.31E-06,0.008761053
235,,30000,1972,Crooked Arm Ridge Trail,Cades Cove Loop Road,223904,2.56843,Internal NPS Only,UNKN,2012/07/24 00:00:00+00,Unknown,Raw,GRSM_GIS,587b0b05-b529-4d63-99e6-7ee269a28171,1.03E-06,0.00395411
236,,30000,1971,Appalachian Trail,Kuwohi Road Primary Parking,223902,15.60364329,Internal NPS Only,UNKN,2012/07/24 00:00:00+00,Unknown,Raw,GRSM_GIS,908b99d9-9b8b-41ab-8684-e0536e7db0c1,6.28E-06,0.012703729
237,,30000,1971,Lakeshore Trail,Lakeview Drive East Parking #4,223901,8.25707737,Internal NPS Only,UNKN,2012/07/24 00:00:00+00,Unknown,Raw,GRSM_GIS,8200615c-39a3-4626-b72f-25860bd3eff8,3.32E-06,0.00709213
238,,30000,1971,Noland Divide Trail,Lakeview Drive East,223900,355.2014902,Internal NPS Only,UNKN,2012/07/24 00:00:00+00,Unknown,Raw,GRSM_GIS,3bb563a1-b252-4978-b375-2ee6d0369c4d,0.000142724,0.068908986
239,,30000,1971,Scott Mountain Trail,Laurel Creek Road,223896,107.9681494,Internal NPS Only,UNKN,2012/07/24 00:00:00+00,Unknown,Raw,GRSM_GIS,2cf02c09-4b41-43f5-840e-60ab77d04022,4.35E-05,0.029157073
240,,30000,1971,Cataloochee Divide Trail,Old Cataloochee Turnpike,223895,91.00338412,Internal NPS Only,UNKN,2012/07/24 00:00:00+00,Unknown,Raw,GRSM_GIS,bc440d39-b9a8-4704-94eb-9cd277708ae3,3.66E-05,0.029853166
241,,30000,1969,Ace Gap Trail,Foothills Parkway Section 8g,223888,115.5421273,Internal NPS Only,UNKN,2012/07/24 00:00:00+00,Unknown,Raw,GRSM_GIS,1941ea64-1822-46b7-80d7-0bc9fa499f55,4.66E-05,0.025671903
242,,30000,1969,Laurel Falls Trail,Little River Gorge Road,223885,32.82144098,Internal NPS Only,UNKN,2012/07/24 00:00:00+00,Unknown,Raw,GRSM_GIS,0b23eda9-d6ed-4aba-be41-35f1e784c040,1.32E-05,0.018987835
243,,30000,1968,Wolf Ridge Trail,Parson Branch Road,223884,8.9646447,Internal NPS Only,UNKN,2012/07/24 00:00:00+00,Unknown,Raw,GRSM_GIS,041d0d5d-e2d6-47ab-9106-5ea27e06c930,3.60E-06,0.007379479
244,,30000,1968,Cane Creek Trail,Foothills Parkway Southwest Parking #7,223878,9.31883405,Internal NPS Only,UNKN,2012/07/24 00:00:00+00,Unknown,Raw,GRSM_GIS,a2f9b571-6586-48eb-827f-c28052b2cf7e,3.75E-06,0.007655736
245,,30000,1967,Wolf Ridge Trail,Parson Branch Road,223869,490.6961338,Internal NPS Only,UNKN,2012/07/24 00:00:00+00,Unknown,Raw,GRSM_GIS,11ef583f-42a6-4934-b255-ccaebfca3e8e,0.000197305,0.081041739
246,,30000,1967,Twin Creeks Trail,Roaring Fork Motor Nature Trail,223868,11.04373142,Internal NPS Only,UNKN,2012/07/24 00:00:00+00,Unknown,Raw,GRSM_GIS,22e6e0eb-b204-4203-82ac-1a5f8ca7a03a,4.45E-06,0.008867696
247,,30000,1965,Deeplow Gap Trail,Mingus Mill Access Road,223861,2.83152834,Internal NPS Only,UNKN,2012/07/24 00:00:00+00,Unknown,Raw,GRSM_GIS,6c123273-8cec-4c70-bd05-bef21d19d860,1.14E-06,0.004188771
248,,30000,1964,Balsam Mountain Trail,Balsam Mountain Road ,223854,28.46802496,Internal NPS Only,UNKN,2012/07/24 00:00:00+00,Unknown,Raw,GRSM_GIS,f9a7446a-ebde-4ee4-8a06-e6fffa7ba0a9,1.15E-05,0.014090071
249,,30000,1963,Roundtop Trail,Little River Gorge Road,223840,12.74853831,Internal NPS Only,UNKN,2012/07/24 00:00:00+00,Unknown,Raw,GRSM_GIS,e0d7e819-761f-47b1-9d47-2f138bf67592,5.14E-06,0.010832037
250,,30000,1962,Appalachian Trail,Upper Tremont Road,223834,35.20244697,Internal NPS Only,UNKN,2012/07/24 00:00:00+00,Unknown,Raw,GRSM_GIS,9820bc3a-248b-49fe-a4c3-038fa4d231dd,1.42E-05,0.016630054
251,,30000,1961,Cane Creek Trail,Foothills Parkway Section 8g,223826,1.52759516,Internal NPS Only,UNKN,2012/07/24 00:00:00+00,Unknown,Raw,GRSM_GIS,148fcc2d-6e4b-4a56-a974-198dbf9d9f9f,6.15E-07,0.003215628
252,,30000,1961,Chestnut Top Trail,Laurel Creek Road,223823,13.97299227,Internal NPS Only,UNKN,2012/07/24 00:00:00+00,Unknown,Raw,GRSM_GIS,20001af7-a4d9-4c97-8934-11b7f050ff2c,5.63E-06,0.011312256
253,,30000,1961,Thomas Divide Trail,Galbraith Creek Road,223817,6.65563359,Internal NPS Only,UNKN,2012/07/24 00:00:00+00,Unknown,Raw,GRSM_GIS,191ee219-6e3e-48c7-8d9f-32df7f4d1dfa,2.67E-06,0.006827918
254,,30000,1960,Ace Gap Trail,Rich Mountain Road,223813,15.55112383,Internal NPS Only,UNKN,2012/07/24 00:00:00+00,Unknown,Raw,GRSM_GIS,cefd91bc-edc0-4466-9231-48f605d68c1c,6.26E-06,0.012339137
255,,30000,1960,Ollie Cove Trail,Lakeview Drive West,223812,2.07461052,Internal NPS Only,UNKN,2012/07/24 00:00:00+00,Unknown,Raw,GRSM_GIS,47b99fb6-b4f7-435e-8f8d-ce1642c36cb1,8.34E-07,0.003498942
256,,30000,1960,Oconaluftee River Trail,Access Road To Big Cove Road,223805,2.34118968,Internal NPS Only,UNKN,2012/07/24 00:00:00+00,Unknown,Raw,GRSM_GIS,85af043b-5a3f-48e5-b93e-befb5cb3980a,9.41E-07,0.004264757
257,,30000,1953,Twentymile Trail,Twenty Mile Trailhead Parking,223802,1.41483938,Internal NPS Only,UNKN,2012/07/24 00:00:00+00,Unknown,Raw,GRSM_GIS,6bc06ce5-0142-4d99-bf5a-9640593fcb47,5.69E-07,0.002934436
258,,30000,1953,,Lakeview Drive East Parking #4,223801,12.10972701,Internal NPS Only,UNKN,2012/07/24 00:00:00+00,Unknown,Raw,GRSM_GIS,bf9655d8-f031-4452-ae2b-2bf6ee3fe93e,4.86E-06,0.008857327
259,,30000,1953,Roundtop Trail,Little River Gorge Road,223800,1.05937254,Internal NPS Only,UNKN,2012/07/24 00:00:00+00,Unknown,Raw,GRSM_GIS,a1089ddd-fbd8-46f7-a721-0605dd89934f,4.27E-07,0.00244238
260,,30000,1953,Cataloochee Divide Trail,Old Cataloochee Turnpike,223798,86.60944879,Internal NPS Only,UNKN,2012/07/24 00:00:00+00,Unknown,Raw,GRSM_GIS,335ecd2e-03e9-4363-9468-993c53c45ab1,3.49E-05,0.029114441
261,,30000,1953,Thomas Divide Trail,Tom Branch Road,223797,1.15833208,Internal NPS Only,UNKN,2012/07/24 00:00:00+00,Unknown,Raw,GRSM_GIS,6507056e-93c2-4459-94b1-0c5345cd0d10,4.65E-07,0.002662078
262,,30000,1952,Hannah Mountain Trail,Foothills Parkway Section 8h,223794,84.15201441,Internal NPS Only,UNKN,2012/07/24 00:00:00+00,Unknown,Raw,GRSM_GIS,9b635451-27e5-467e-8f0f-e4899e7e1277,3.39E-05,0.028375013
263,,30000,1952,Hannah Mountain Trail,Foothills Parkway Section 8h,223793,33.85956698,Internal NPS Only,UNKN,2012/07/24 00:00:00+00,Unknown,Raw,GRSM_GIS,cd294eb8-fd58-4496-bfc9-a422ca00057d,1.36E-05,0.021033579
264,,30000,1952,Hannah Mountain Trail,Foothills Parkway Section 8h,223792,4.49009563,Internal NPS Only,UNKN,2012/07/24 00:00:00+00,Unknown,Raw,GRSM_GIS,00c8ffbf-6c59-48c7-9a6f-f9a9663dd478,1.81E-06,0.005387765
265,,30000,1952,Conner @ Hickory Flats Cemetery Access,Lakeview Drive East,223791,2.60062224,Internal NPS Only,UNKN,2012/07/24 00:00:00+00,Unknown,Raw,GRSM_GIS,94aa439d-3316-4a88-89ff-774caf727463,1.04E-06,0.004141227
266,,30000,1952,Mingus Creek Trail,Newfound Gap Road South,223790,1.85809796,Internal NPS Only,UNKN,2012/07/24 00:00:00+00,Unknown,Raw,GRSM_GIS,64f276c3-d7d0-4776-9d77-caa27a7f5956,7.47E-07,0.00317658
267,,30000,1952,Lakeshore Trail,Lakeview Drive West,223787,70.48924724,Internal NPS Only,UNKN,2012/07/24 00:00:00+00,Unknown,Raw,GRSM_GIS,42eaa6e4-8956-4f43-9186-6f31e790142a,2.83E-05,0.02268582
268,,30000,1952,Lakeshore Trail,Lakeview Drive East Parking #4,223786,3.88426368,Internal NPS Only,UNKN,2012/07/24 00:00:00+00,Unknown,Raw,GRSM_GIS,794657fa-24fa-4a4b-9d66-bb766145cfe5,1.56E-06,0.004764799
269,,30000,1952,Mingus Creek Trail,Mingus Mill Access Road,223785,4.12612773,Internal NPS Only,UNKN,2012/07/24 00:00:00+00,Unknown,Raw,GRSM_GIS,ec7ebb2b-724c-47c0-babe-28ec6b541df4,1.66E-06,0.005801191
270,,30000,1952,Chestnut Top Trail,Townsend Entrance Road,223784,1.6228347,Internal NPS Only,UNKN,2012/07/24 00:00:00+00,Unknown,Raw,GRSM_GIS,1170997f-34a7-4776-82e8-0a60d78a7881,6.54E-07,0.003024405
271,,30000,1952,,Lakeview Drive East Parking #4,223783,3.96137642,Internal NPS Only,UNKN,2012/07/24 00:00:00+00,Unknown,Raw,GRSM_GIS,06cc305d-4e99-406f-94ef-ad4d3275f64c,1.59E-06,0.004859905
272,,30000,1952,Conner @ Hickory Flats Cemetery Access,Lakeview Drive East,223780,57.21473559,Internal NPS Only,UNKN,2012/07/24 00:00:00+00,Unknown,Raw,GRSM_GIS,59c4103f-a23c-4252-83a1-dd7eba852059,2.30E-05,0.021191821
273,,30000,1952,Chestnut Top Trail,Laurel Creek Road,223772,1.49590895,Internal NPS Only,UNKN,2012/07/24 00:00:00+00,Unknown,Raw,GRSM_GIS,50d9a882-65b6-49ec-b555-e7e738d0a573,6.03E-07,0.003026714
274,,30000,1952,Wolf Ridge Trail,Parson Branch Road,223770,1.69883273,Internal NPS Only,UNKN,2012/07/24 00:00:00+00,Unknown,Raw,GRSM_GIS,53ce43b4-81b1-49ba-a23f-dc6a50c7d46b,6.83E-07,0.003094165
275,,30000,1952,Noland Creek Trail,Lakeview Drive East,223768,288.8562546,Internal NPS Only,UNKN,2012/07/24 00:00:00+00,Unknown,Raw,GRSM_GIS,b96efc79-6240-460f-91a2-4129c6a3b708,0.000116114,0.048671528
276,,30000,1952,Big White Oak Quiet Walkway,Fighting Creek Gap Road,223767,1.41283614,Internal NPS Only,UNKN,2012/07/24 00:00:00+00,Unknown,Raw,GRSM_GIS,8fd32c51-3626-483f-ba75-9905a529867a,5.69E-07,0.002846341
277,,30000,1952,Noland Creek Trail,Lakeview Drive East,223761,8.08347897,Internal NPS Only,UNKN,2012/07/24 00:00:00+00,Unknown,Raw,GRSM_GIS,787412cd-60e3-4e55-be0e-1abb15d6fb57,3.25E-06,0.006972866
278,,30000,1952,Chestnut Top Trail,Townsend Entrance Road,223760,3.56240268,Internal NPS Only,UNKN,2012/07/24 00:00:00+00,Unknown,Raw,GRSM_GIS,4e8377cb-279b-426a-a899-52ecfccb9e29,1.44E-06,0.004623337
279,,30000,1951,Hazel Creek Trail,Upper Tremont Road,223758,49.38528493,Internal NPS Only,UNKN,2012/07/24 00:00:00+00,Unknown,Raw,GRSM_GIS,291da497-c651-4a6c-8226-a2ffffbb7808,1.99E-05,0.019591109
280,,30000,1950,Old Settlers Trail,Foothills Parkway Section 8a,223757,1.79051677,Internal NPS Only,UNKN,2012/07/24 00:00:00+00,Unknown,Raw,GRSM_GIS,f637d0cd-a172-4ac9-9c07-054c22eb4a9c,7.22E-07,0.00321048
281,,30000,1950,Tritt Cemetery Access Trail,Cosby Entrance Road,223755,15.80696879,Internal NPS Only,UNKN,2012/07/24 00:00:00+00,Unknown,Raw,GRSM_GIS,c83645d4-e056-47c0-9a55-33c01af0e680,6.38E-06,0.012861466
282,,30000,1949,Big Dudley Concession Horse Trail,Smoky Mountain Stables Road,223752,1.07729953,Internal NPS Only,UNKN,2012/07/24 00:00:00+00,Unknown,Raw,GRSM_GIS,04995ab3-8d94-4838-a1d1-636f8b3cf0e4,4.34E-07,0.002544713
283,,30000,1949,Lawson Jenkins-Kerr Cemetery Access,Old Cataloochee Turnpike,223748,3.20532402,Internal NPS Only,UNKN,2012/07/24 00:00:00+00,Unknown,Raw,GRSM_GIS,5d8bd973-0fc8-4a83-82f7-cc55c66d9b8f,1.29E-06,0.00430171
284,,30000,1948,Crib Gap Trail,Laurel Creek Road,223746,4.64528517,Internal NPS Only,UNKN,2012/07/24 00:00:00+00,Unknown,Raw,GRSM_GIS,dd2efa2e-5735-4cf7-b803-f9de52c26d66,1.87E-06,0.005144078
285,,30000,1948,Cane Creek Trail,Foothills Parkway Section 8g,223744,2.64433496,Internal NPS Only,UNKN,2012/07/24 00:00:00+00,Unknown,Raw,GRSM_GIS,26ece8a1-8f44-406c-b760-ce95652b78c4,1.06E-06,0.003809139
286,,30000,1948,Ace Gap Trail,Rich Mountain Road,223742,2.62785859,Internal NPS Only,UNKN,2012/07/24 00:00:00+00,Unknown,Raw,GRSM_GIS,803895fe-a36b-42cb-b4cd-7b59c6c9677d,1.06E-06,0.003870644
287,,30000,1948,Ace Gap Trail,Rich Mountain Road,223741,1.43981476,Internal NPS Only,UNKN,2012/07/24 00:00:00+00,Unknown,Raw,GRSM_GIS,e878352f-e81f-417a-ace0-9e683e380316,5.80E-07,0.003017117
288,,30000,1948,Jenkins Ridge Trail,Laurel Creek Road,223740,2.08783826,Internal NPS Only,UNKN,2012/07/24 00:00:00+00,Unknown,Raw,GRSM_GIS,be5c21ae-f960-4656-b073-31637a96579b,8.40E-07,0.003385954
289,,30000,1947,Hannah Mountain Trail,Parson Branch Road,223737,6.66023867,Internal NPS Only,UNKN,2012/07/24 00:00:00+00,Unknown,Raw,GRSM_GIS,ba9e536c-febc-47a1-8a77-e3bcdc23b08f,2.68E-06,0.00604155
290,,30000,1947,Little Greenbrier Trail,Little Greenbrier School Unpaved Parking,223735,7.17003621,Internal NPS Only,UNKN,2012/07/24 00:00:00+00,Unknown,Raw,GRSM_GIS,5909658b-656f-4de9-861b-da39e51e01ae,2.89E-06,0.007120858
291,,30000,1947,Curry Mountain Trail,Little River Gorge Road,223732,3.41681017,Internal NPS Only,UNKN,2012/07/24 00:00:00+00,Unknown,Raw,GRSM_GIS,15c20c87-c51e-4759-8952-9753eb93e0e9,1.38E-06,0.004357562
292,,30000,1946,Newton Bald Trail,Newfound Gap Road South,223726,31.26469069,Internal NPS Only,UNKN,2012/07/24 00:00:00+00,Unknown,Raw,GRSM_GIS,6793ab28-575c-4b98-be9e-3ce372968e76,1.26E-05,0.017041451
293,,30000,1946,Roundtop Trail,Townsend Entrance Road,223724,10.02065171,Internal NPS Only,UNKN,2012/07/24 00:00:00+00,Unknown,Raw,GRSM_GIS,ff38a15f-0621-4f0f-ad50-419751d2a557,4.04E-06,0.008577674
294,,30000,1945,Laurel Falls Quiet Walkway,Elkmont Road,223721,1.24746186,Internal NPS Only,UNKN,2012/07/24 00:00:00+00,Unknown,Raw,GRSM_GIS,b6ef2fce-32d0-4c02-b9b6-70c2b9d93909,5.03E-07,0.003152803
295,,30000,1945,Big White Oak Quiet Walkway,Fighting Creek Gap Road,223720,5.10031074,Internal NPS Only,UNKN,2012/07/24 00:00:00+00,Unknown,Raw,GRSM_GIS,bf2ddf2f-6fb6-4c41-83d3-013a2d77e501,2.05E-06,0.005286561
296,,30000,1945,Gabes Mountain Trail,Cosby Entrance Road,223719,26.66377548,Internal NPS Only,UNKN,2012/07/24 00:00:00+00,Unknown,Raw,GRSM_GIS,07cb8c9f-7b89-43a6-8514-856fc602a215,1.08E-05,0.018349739
297,,30000,1945,Chestnut Top Trail,Townsend Entrance Road,223718,19.34236945,Internal NPS Only,UNKN,2012/07/24 00:00:00+00,Unknown,Raw,GRSM_GIS,359c2af5-c71e-4b6e-92e7-d664905832e6,7.79E-06,0.010201949
298,,30000,1945,Little Greenbrier Trail,Wear Cove Gap Road,223717,22.97193707,Internal NPS Only,UNKN,2012/07/24 00:00:00+00,Unknown,Raw,GRSM_GIS,05d70b47-8d49-4d9e-92a3-98b6bb48ef57,9.26E-06,0.013625186
299,,30000,1945,Gabes Mountain Trail,Cosby Entrance Road,223716,8.0466061,Internal NPS Only,UNKN,2012/07/24 00:00:00+00,Unknown,Raw,GRSM_GIS,fb49ba6d-beb4-4bc9-9f12-bcc9320db1f2,3.25E-06,0.007233617
300,,30000,1945,Hemphill Bald Trail,Heintooga Ridge Road,223712,10.57741886,Internal NPS Only,UNKN,2012/07/24 00:00:00+00,Unknown,Raw,GRSM_GIS,048160be-1350-4fec-b495-07ec274b3ea3,4.26E-06,0.007821119
301,,30000,1945,Smokemont Loop Trail,Newfound Gap Road South,223710,3.24157372,Internal NPS Only,UNKN,2012/07/24 00:00:00+00,Unknown,Raw,GRSM_GIS,01afb0b0-29c7-4b7d-8965-97263d96a563,1.30E-06,0.004501736
302,,30000,1945,Wolf Ridge Trail,Parson Branch Road,223708,3.61983528,Internal NPS Only,UNKN,2012/07/24 00:00:00+00,Unknown,Raw,GRSM_GIS,5344c6ab-fcb4-4890-86ff-06a07c983c9e,1.45E-06,0.004483087
303,,30000,1944,Roundtop Trail,Little River Gorge Road,223707,232.1119633,Internal NPS Only,UNKN,2012/07/24 00:00:00+00,Unknown,Raw,GRSM_GIS,a083e6ce-c237-4d2a-9d37-b420ee0e6d9c,9.35E-05,0.041719134
304,,30000,1944,Rabbit Creek Trail,Abrams Creek Campground Road,223706,2.23634599,Internal NPS Only,UNKN,2012/07/24 00:00:00+00,Unknown,Raw,GRSM_GIS,a4408855-c580-4b5d-ab0d-ab88e34c0014,9.00E-07,0.003718148
305,,30000,1943,Roundtop Trail,Townsend Entrance Road,223703,51.6098738,Internal NPS Only,UNKN,2012/07/24 00:00:00+00,Unknown,Raw,GRSM_GIS,ac9e168c-014c-44d5-8282-d05177f622d9,2.08E-05,0.021567274
306,,30000,1943,Lawson Jenkins-Kerr Cemetery Access,Old Cataloochee Turnpike,223700,5.39479241,Internal NPS Only,UNKN,2012/07/24 00:00:00+00,Unknown,Raw,GRSM_GIS,80d97003-26d3-4978-aa49-7d5daf4e60f3,2.17E-06,0.00561101
307,,30000,1943,Chestnut Top Trail,Townsend Entrance Road,223698,5.74057344,Internal NPS Only,UNKN,2012/07/24 00:00:00+00,Unknown,Raw,GRSM_GIS,e087a291-0a98-42ab-ae92-80ebd8a808c5,2.31E-06,0.005600776
308,,30000,1943,Ace Gap Trail,Rich Mountain Road,223697,2.30640984,Internal NPS Only,UNKN,2012/07/24 00:00:00+00,Unknown,Raw,GRSM_GIS,e9009fee-4786-487e-b0a6-2c642afb21e4,9.29E-07,0.003593038
309,,30000,1943,Roundtop Trail,Townsend Entrance Road,223696,47.81836388,Internal NPS Only,UNKN,2012/07/24 00:00:00+00,Unknown,Raw,GRSM_GIS,f3c71c55-04b3-40ce-bda5-de2ca4962d4a,1.93E-05,0.023191574
310,,30000,1943,Jenkins Ridge Trail,Lakeview Drive West,223695,1.5293415,Internal NPS Only,UNKN,2012/07/24 00:00:00+00,Unknown,Raw,GRSM_GIS,2de4730a-2a3d-4815-88f7-cc474ff720e5,6.15E-07,0.002903939
311,,30000,1943,Gregory Bald Trail,Parson Branch Road,223693,3.91916881,Internal NPS Only,UNKN,2012/07/24 00:00:00+00,Unknown,Raw,GRSM_GIS,9aa301da-cecb-4fdd-8181-416de8efb7a8,1.58E-06,0.006769713
312,,30000,1942,Twentymile Trail,Twenty Mile Trailhead Parking,223692,30.26577593,Internal NPS Only,UNKN,2012/07/24 00:00:00+00,Unknown,Raw,GRSM_GIS,71116461-0183-4f49-aea2-983d2a436e0f,1.22E-05,0.020304419
313,,30000,1942,Nations Cemetery Access,Access Road To Big Cove Road,223691,14.83351162,Internal NPS Only,UNKN,2012/07/24 00:00:00+00,Unknown,Raw,GRSM_GIS,42104d30-9777-438f-9030-1d3f2b12e10a,5.96E-06,0.013077736
314,,30000,1942,Twentymile Trail,Twenty Mile Trailhead Parking,223689,97.50191836,Internal NPS Only,UNKN,2012/07/24 00:00:00+00,Unknown,Raw,GRSM_GIS,2abdf45f-6ae3-4899-abcd-b7ef6828b8e6,3.92E-05,0.035684352
315,,30000,1942,Mingus Creek Trail,Newfound Gap Road South,223688,29.052754,Internal NPS Only,UNKN,2012/07/24 00:00:00+00,Unknown,Raw,GRSM_GIS,bc669d42-7ff2-4cb1-970a-a19e4002a080,1.17E-05,0.012993231
316,,30000,1942,Hannah Mountain Trail,Foothills Parkway Section 8h,223686,19.48784827,Internal NPS Only,UNKN,2012/07/24 00:00:00+00,Unknown,Raw,GRSM_GIS,46c07b53-0bd9-4474-8fbc-a53dca10341c,7.84E-06,0.014466409
317,,30000,1942,Hannah Mountain Trail,Parson Branch Road,223685,229.8479665,Internal NPS Only,UNKN,2012/07/24 00:00:00+00,Unknown,Raw,GRSM_GIS,6faa91ea-9daf-4b3c-a585-e6b78213b421,9.24E-05,0.045707502
318,,30000,1942,Ace Gap Trail,Rich Mountain Road,223684,400.0754408,Internal NPS Only,UNKN,2012/07/24 00:00:00+00,Unknown,Raw,GRSM_GIS,98375a1d-8f5d-437b-9dea-7ac11d015f5b,0.000161153,0.05364544
319,,30000,1942,Baxter Creek Trail,Old Cataloochee Turnpike,223683,612.6867512,Internal NPS Only,UNKN,2012/07/24 00:00:00+00,Unknown,Raw,GRSM_GIS,3fa27794-810b-4d73-abdc-6b25e2195179,0.000246976,0.152418689
320,,30000,1942,Little Greenbrier Trail,Wear Cove Gap Road,223682,25.42934294,Internal NPS Only,UNKN,2012/07/24 00:00:00+00,Unknown,Raw,GRSM_GIS,755b0e31-52ec-4cd1-93c1-43df0ef5757e,1.02E-05,0.018318923
321,,30000,1942,Tritt Cemetery Access Trail,Cosby Entrance Road,223681,3.5799292,Internal NPS Only,UNKN,2012/07/24 00:00:00+00,Unknown,Raw,GRSM_GIS,970040f7-860b-49a6-afbe-d771887ebaa8,1.44E-06,0.004477138
322,,30000,1942,Gabes Mountain Trail,Cosby Entrance Road,223679,2.92304472,Internal NPS Only,UNKN,2012/07/24 00:00:00+00,Unknown,Raw,GRSM_GIS,e4f346eb-ad36-4fc6-b89a-d5ba3fdcf16c,1.18E-06,0.004376472
323,,30000,1942,Roundtop Trail,Little River Pullout Parking @ Milepost 10.13,223678,170.2630515,Internal NPS Only,UNKN,2012/07/24 00:00:00+00,Unknown,Raw,GRSM_GIS,50da8f56-d184-4be5-82a5-1b51334b3ad3,6.86E-05,0.039210229
324,,30000,1942,Twentymile Trail,Twenty Mile Ranger Station Road,223677,8.91251733,Internal NPS Only,UNKN,2012/07/24 00:00:00+00,Unknown,Raw,GRSM_GIS,a0cbabac-b21f-4387-b2a3-1ffc0e337fb3,3.58E-06,0.007981962
325,,30000,1942,Baskins Creek Trail,Roaring Fork Motor Nature Trail,223675,81.02695488,Internal NPS Only,UNKN,2012/07/24 00:00:00+00,Unknown,Raw,GRSM_GIS,238d9b37-da4d-4ca9-8962-794159cc65ae,3.27E-05,0.024045755
326,,30000,1942,Curry Mountain Trail,Little River Gorge Road,223674,4.30708745,Internal NPS Only,UNKN,2012/07/24 00:00:00+00,Unknown,Raw,GRSM_GIS,57c25299-956d-414f-83c8-a0de04c30085,1.73E-06,0.004916532
327,,30000,1942,Oconaluftee River Trail,Newfound Gap Road South,223673,1.13888429,Internal NPS Only,UNKN,2012/07/24 00:00:00+00,Unknown,Raw,GRSM_GIS,6b29be55-7866-4d35-9f30-a886cb1311de,4.58E-07,0.002699751
328,,30000,1942,Forney Creek Trail,Kuwohi Road Primary Parking,223671,2.60337016,Internal NPS Only,UNKN,2012/07/24 00:00:00+00,Unknown,Raw,GRSM_GIS,1bff9f39-6b04-4327-b9fa-6bc72d381e45,1.05E-06,0.004020862
329,,30000,1943,Old Settlers Trail,Ramsey Prong Road,223699,15.79446522,Internal NPS Only,UNKN,2012/07/24 00:00:00+00,Unknown,Raw,GRSM_GIS,00e1f200-762e-42e4-af6f-46d7a7a9415b,6.37E-06,0.010456186
330,,30000,1950,Flat Creek Trail,Heintooga Ridge Road,223753,0.74365347,Internal NPS Only,UNKN,2012/07/24 00:00:00+00,Unknown,Raw,GRSM_GIS,af8c1aa3-edbf-4360-9b01-b0d55e8486e2,2.99E-07,0.002034236
331,,30000,1952,Hannah Mountain Trail,Foothills Parkway Section 8h,223763,118.6826016,Internal NPS Only,UNKN,2012/07/24 00:00:00+00,Unknown,Raw,GRSM_GIS,b0f6b74a-9786-4ec0-9a03-7f8336e239ec,4.77E-05,0.032091891
332,,30000,1952,Sunkota Ridge Trail,Tom Branch Road,223779,2.42030923,Internal NPS Only,UNKN,2012/07/24 00:00:00+00,Unknown,Raw,GRSM_GIS,ea6fda7a-76ae-4626-8122-e8b04a8f2165,9.73E-07,0.003648244
333,,30000,1952,Sunkota Ridge Trail,Tom Branch Road,223775,3.99899522,Internal NPS Only,UNKN,2012/07/24 00:00:00+00,Unknown,Raw,GRSM_GIS,5e6ae793-6797-4e9b-9b20-6bd02758ba77,1.61E-06,0.005672049
334,,30000,1992,Tritt Cemetery Access Trail,Cosby Government Quarters Parking,224317,1.89842623,Internal NPS Only,UNKN,2012/07/24 00:00:00+00,Unknown,Raw,GRSM_GIS,5b74197f-0dd3-4a59-a323-5b25fbe65d64,7.66E-07,0.003247207
335,,30000,1954,Noland Divide Trail,West Deep Creek Road,,3.14368785,Internal NPS Only,UNKN,2012/07/24 00:00:00+00,Unknown,Raw,GRSM_GIS,58150dc8-6be0-4e66-b623-3fcfc5ff8123,1.26E-06,0.004205322
336,,30000,1954,Thomas Divide Trail,Galbraith Creek Road,,20.02781946,Internal NPS Only,UNKN,2012/07/24 00:00:00+00,Unknown,Raw,GRSM_GIS,52f57124-5802-4a68-9820-2d47b1f7b2be,8.05E-06,0.011078765
337,,30000,1955,Hannah Mountain Trail,Parson Branch Road,,227.1912972,Internal NPS Only,UNKN,2012/07/24 00:00:00+00,Unknown,Raw,GRSM_GIS,412ffbcd-63d7-4f4c-ae0b-e5d42b1e97c8,9.13E-05,0.041202463
338,,30000,2002,Indian Grave Gap Trail,Cades Cove Loop Road,224741,21.59189295,Internal NPS Only,UNKN,2012/07/24 00:00:00+00,Unknown,Raw,GRSM_GIS,0c273445-786b-4de7-a2a6-1c9be2ed594d,8.69E-06,0.014961444
339,,30000,1999,Smokemont Loop Trail,Newfound Gap Pullout Parking At Milepost 25.78,224524,19.83134539,Internal NPS Only,UNKN,2012/07/24 00:00:00+00,Unknown,Raw,GRSM_GIS,acf4fa0f-13e8-49ee-9f86-a0420aa45616,7.98E-06,0.011693523
340,,30000,1998,,Lakeview Drive West,224501,10.46288868,Internal NPS Only,UNKN,2012/07/24 00:00:00+00,Unknown,Raw,GRSM_GIS,9dc06f88-c50f-44d6-8576-29b5f0b228cd,4.20E-06,0.008065811
341,,30000,1995,Appalachian Trail,Lakeview Drive West,224385,43.1328414,Internal NPS Only,UNKN,2012/07/24 00:00:00+00,Unknown,Raw,GRSM_GIS,5c973e5b-30d6-403f-8156-423c23a7e855,1.73E-05,0.017990218
342,,30000,1990,Tritt Cemetery Access Trail,Foothills Parkway Section 8a,224293,9.6510262,Internal NPS Only,UNKN,2012/07/24 00:00:00+00,Unknown,Raw,GRSM_GIS,256c67e6-ec66-43a8-a2d0-63700ce5d6a6,3.89E-06,0.009491143
343,,30000,1982,Little Greenbrier Trail,Wear Cove Gap Road,224052,2.32477365,Internal NPS Only,UNKN,2012/07/24 00:00:00+00,Unknown,Raw,GRSM_GIS,7649d28d-277a-41d3-bfcf-78693ea5e22a,9.37E-07,0.0036656
344,,30000,1955,Tritt Cemetery Access Trail,Cosby Entrance Road,,72.1434859,Internal NPS Only,UNKN,2012/07/24 00:00:00+00,Unknown,Raw,GRSM_GIS,28393dff-e0be-4e3f-8be7-d36054184599,2.91E-05,0.023317474
345,,30000,1955,Conner @ Hickory Flats Cemetery Access,Lakeview Drive East,,94.9050623,Internal NPS Only,UNKN,2012/07/24 00:00:00+00,Unknown,Raw,GRSM_GIS,7df1169a-47ed-46da-9120-ec44e409608a,3.81E-05,0.023058905
346,,30000,1955,Noland Divide Trail,West Deep Creek Road,,542.0095478,Internal NPS Only,UNKN,2012/07/24 00:00:00+00,Unknown,Raw,GRSM_GIS,698c4423-c72a-4012-89c0-6adae6eaa651,0.000217851,0.098868185
347,,30000,1955,Thomas Divide Trail,Indian Camp Creek Road,,25.78475636,Internal NPS Only,UNKN,2012/07/24 00:00:00+00,Unknown,Raw,GRSM_GIS,80224382-a72a-446f-b23c-14c1364ece70,1.04E-05,0.014080805
348,,30000,1956,Hannah Mountain Trail,Foothills Parkway Section 8h,,32.6874467,Internal NPS Only,UNKN,2012/07/24 00:00:00+00,Unknown,Raw,GRSM_GIS,497b0757-b552-4b70-9320-112cf6a04ffc,1.32E-05,0.020342715
349,,30000,1956,Cane Creek Trail,Foothills Parkway Section 8g,,136.1822492,Internal NPS Only,UNKN,2012/07/24 00:00:00+00,Unknown,Raw,GRSM_GIS,61e23c60-aee3-4ffe-be73-e2234426d25a,5.49E-05,0.032963316
350,,30000,1956,Low Gap Trail,Cosby Campground Road B,,7.18143348,Internal NPS Only,UNKN,2012/07/24 00:00:00+00,Unknown,Raw,GRSM_GIS,1b763b8c-42e8-4e83-9c0d-335944160c7e,2.90E-06,0.006682344
351,,30000,1956,Noland Creek Trail,Kuwohi Road Primary Parking,,47.48201529,Internal NPS Only,UNKN,2012/07/24 00:00:00+00,Unknown,Raw,GRSM_GIS,44205830-3e9f-452b-a1c0-1dec2bd42888,1.91E-05,0.022774319
352,,30000,2002,Old Settlers Trail,Foothills Parkway Section 8a,,80.71333406,Internal NPS Only,UNKN,2012/07/24 00:00:00+00,Unknown,Raw,GRSM_GIS,4befa5c3-c1ea-40ef-b3ba-e11cebe1b943,3.26E-05,0.022234894
353,,30000,1979,Twin Creeks Trail,Cherokee Orchard Road,,15.07893948,Internal NPS Only,UNKN,2012/07/24 00:00:00+00,Unknown,Raw,GRSM_GIS,50576d10-9750-49f1-b48d-a311f405fc0f,6.08E-06,0.009508689
354,,30000,1976,Hannah Mountain Trail,Abrams Creek Campground Access Road,,83.44552523,Internal NPS Only,UNKN,2012/07/24 00:00:00+00,Unknown,Raw,GRSM_GIS,ffa03ffa-b035-4f51-8a60-29ded0c9ac01,3.36E-05,0.024777766
355,,30000,1974,Wolf Ridge Trail,Parson Branch Road,,8.54537601,Internal NPS Only,UNKN,2012/07/24 00:00:00+00,Unknown,Raw,GRSM_GIS,edc43605-0940-4ad2-b59d-439ce5e71a85,3.44E-06,0.007773369
356,,30000,1974,Hannah Mountain Trail,Parson Branch Road,,25.58940991,Internal NPS Only,UNKN,2012/07/24 00:00:00+00,Unknown,Raw,GRSM_GIS,443afd36-8781-4709-abc0-fa431862a9ae,1.03E-05,0.013153418
357,,30000,1974,Roundtop Trail,Paw Paw Hollow Overlook,,2.00377069,Internal NPS Only,UNKN,2012/07/24 00:00:00+00,Unknown,Raw,GRSM_GIS,0f18d644-9fb0-4ad3-bd13-0b5d3f0b6ed9,8.07E-07,0.003397864
358,,30000,1973,Maddron Bald Trail,Foothills Parkway Section 8a,,7.97621193,Internal NPS Only,UNKN,2012/07/24 00:00:00+00,Unknown,Raw,GRSM_GIS,c077621b-f5e6-4cde-880d-0daca08a0627,3.22E-06,0.00684972
359,,30000,1965,Roundtop Trail,Foothills Parkway Section 8e,,11.04739753,Internal NPS Only,UNKN,2012/07/24 00:00:00+00,Unknown,Raw,GRSM_GIS,3aa457b5-29dd-4b12-9f1c-f0b6ebd1a97f,4.45E-06,0.009884949
360,,30000,1965,Maddron Bald Trail,Foothills Parkway Section 8a,,29.90240554,Internal NPS Only,UNKN,2012/07/24 00:00:00+00,Unknown,Raw,GRSM_GIS,5838a0f4-612a-4706-acc1-917a6b7276a6,1.21E-05,0.014335744
361,,30000,1961,Rabbit Creek Trail,Abrams Creek Campground Access Road,,6.38722701,Internal NPS Only,UNKN,2012/07/24 00:00:00+00,Unknown,Raw,GRSM_GIS,901ae422-ee91-4041-809b-76ddffea859c,2.57E-06,0.006304139
362,,30000,1961,Roundtop Trail,Townsend Entrance Road,,28.69380086,Internal NPS Only,UNKN,2012/07/24 00:00:00+00,Unknown,Raw,GRSM_GIS,cb26ef0b-018d-4ca4-9ad1-43e10a62fd33,1.16E-05,0.015799009
363,,30000,1960,Cove Mountain Trail,Wear Cove Gap Road,,47.82058462,Internal NPS Only,UNKN,2012/07/24 00:00:00+00,Unknown,Raw,GRSM_GIS,dc70d58b-f133-4029-94ca-6ed7db18c474,1.93E-05,0.016181956
364,,30000,1949,Cove Mountain Trail,Gatlinburg Bypass Road,,9.43390353,Internal NPS Only,UNKN,2012/07/24 00:00:00+00,Unknown,Raw,GRSM_GIS,a6a04774-c94a-4806-b4d1-7ed5ee85d1d8,3.80E-06,0.008345146
365,,30000,1949,Chestnut Top Trail,Townsend Entrance Road,,2.50661577,Internal NPS Only,UNKN,2012/07/24 00:00:00+00,Unknown,Raw,GRSM_GIS,b0d65896-def7-452b-8005-15042af8d9c0,1.01E-06,0.003789282
366,,30000,1949,Roundtop Trail,Little River Pullout Parking @ Milepost 10.13,,1.47073779,Internal NPS Only,UNKN,2012/07/24 00:00:00+00,Unknown,Raw,GRSM_GIS,65d22c92-8491-4119-914d-c8623ec504ca,5.93E-07,0.002832646
367,,30000,1948,Ace Gap Trail,,,1.05059154,Internal NPS Only,UNKN,2012/07/24 00:00:00+00,Unknown,Raw,GRSM_GIS,b9dc38a3-563e-4cc4-b5a2-c81a1ce1e64c,4.23E-07,0.00273283
368,,30000,1948,,Lakeview Drive East Parking #4,,51.29652527,Internal NPS Only,UNKN,2012/07/24 00:00:00+00,Unknown,Raw,GRSM_GIS,e4a017ba-8393-4b25-9ef4-e0a50ae2a5a0,2.06E-05,0.023484836
369,,30000,1948,Hazel Creek Trail,Lakeview Drive West,,3.84831881,Internal NPS Only,UNKN,2012/07/24 00:00:00+00,Unknown,Raw,GRSM_GIS,01025dd5-f287-42d2-b639-9abcfe88c488,1.55E-06,0.005265697
370,,30000,1948,Roundtop Trail,Little River Gorge Road,,143.8633587,Internal NPS Only,UNKN,2012/07/24 00:00:00+00,Unknown,Raw,GRSM_GIS,c18e1c02-bc92-4bfc-9784-45e8a400cbd2,5.80E-05,0.030691164
371,,30000,1948,Twin Creeks Trail,Cherokee Orchard Road,,2.5603293,Internal NPS Only,UNKN,2012/07/24 00:00:00+00,Unknown,Raw,GRSM_GIS,c5db9536-e559-4af1-b899-6d60bbe10a21,1.03E-06,0.00413693
372,,30000,1947,Little Greenbrier Trail,Wear Cove Gap Road,,6.83085111,Internal NPS Only,UNKN,2012/07/24 00:00:00+00,Unknown,Raw,GRSM_GIS,bfaa3973-12cf-487f-a6d5-bbfd381c7d0a,2.75E-06,0.006428865
373,,30000,1947,Appalachian Trail,Payne Cemetery Access Road,,3.1733457,Internal NPS Only,UNKN,2012/07/24 00:00:00+00,Unknown,Raw,GRSM_GIS,b6569717-4132-406a-a833-54c92d3a2537,1.28E-06,0.004331202
374,,30000,1947,Roundtop Trail,Townsend Entrance Road,,14.73637027,Internal NPS Only,UNKN,2012/07/24 00:00:00+00,Unknown,Raw,GRSM_GIS,0109531b-cece-4e2c-a311-d80add32c7e7,5.94E-06,0.010753266
375,,30000,1947,Cove Mountain Trail,Wear Cove Gap Road,,565.3172784,Internal NPS Only,UNKN,2012/07/24 00:00:00+00,Unknown,Raw,GRSM_GIS,3a41bb5a-2d36-4047-a989-97aa1b0112f8,0.000227862,0.094059991
376,,30000,1946,Chestnut Top Trail,Laurel Creek Road,,5.6205006,Internal NPS Only,UNKN,2012/07/24 00:00:00+00,Unknown,Raw,GRSM_GIS,0158fc1f-95a0-46a2-b96e-e6ce0dec4a86,2.26E-06,0.007523334
377,,30000,1946,Hazel Creek Trail,Upper Tremont Road,,14.46607166,Internal NPS Only,UNKN,2012/07/24 00:00:00+00,Unknown,Raw,GRSM_GIS,2fa7820b-17c3-4cd5-b600-541e727cb3e6,5.82E-06,0.015467124
378,,30000,1946,Baskins Creek Trail,Roaring Fork Motor Nature Trail,,8.66477682,Internal NPS Only,UNKN,2012/07/24 00:00:00+00,Unknown,Raw,GRSM_GIS,286d2a45-60b5-453d-8be3-89916632f11d,3.49E-06,0.009271069
379,,30000,1946,Hannah Mountain Trail,Parson Branch Road,,2.31464391,Internal NPS Only,UNKN,2012/07/24 00:00:00+00,Unknown,Raw,GRSM_GIS,e9e58312-aab2-4fa5-bff6-26294368c486,9.31E-07,0.003720938
380,,30000,1946,Roundtop Trail,Townsend Entrance Road,,2.02882729,Internal NPS Only,UNKN,2012/07/24 00:00:00+00,Unknown,Raw,GRSM_GIS,85f72eb6-6497-4e45-b7e9-78b8e75057d7,8.17E-07,0.003428922
381,,30000,1946,Hickory Flats Quiet Walkway,Fighting Creek Gap Road,,2.41355241,Internal NPS Only,UNKN,2012/07/24 00:00:00+00,Unknown,Raw,GRSM_GIS,f36af706-c5ee-4083-97ff-0ae897348e98,9.72E-07,0.003617618
382,,30000,1945,Wolf Ridge Trail,Parson Branch Road,,110.7743705,Internal NPS Only,UNKN,2012/07/24 00:00:00+00,Unknown,Raw,GRSM_GIS,20a102a6-f0cb-44af-9945-d3f4b279831c,4.45E-05,0.028503877
383,,30000,1945,Lower Mount Cammerer Trail,Cosby Entrance Road,,1.77108056,Internal NPS Only,UNKN,2012/07/24 00:00:00+00,Unknown,Raw,GRSM_GIS,167860b2-0c3d-4c77-a471-761c8a1bb00f,7.14E-07,0.003217702
384,,30000,1945,Cove Mountain Trail,Wear Cove Gap Road,,204.7646978,Internal NPS Only,UNKN,2012/07/24 00:00:00+00,Unknown,Raw,GRSM_GIS,3e131799-dbff-4d1c-b0e0-f9b2eb46ea63,8.25E-05,0.041422242
385,,30000,1945,Old Settlers Trail,Greenbrier Unpaved Road,,7.59520414,Internal NPS Only,UNKN,2012/07/24 00:00:00+00,Unknown,Raw,GRSM_GIS,ef05013c-b987-4906-85df-d623939a41c4,3.06E-06,0.006895188
386,,30000,1944,Ace Gap Trail,,,847.9821504,Internal NPS Only,UNKN,2012/07/24 00:00:00+00,Unknown,Raw,GRSM_GIS,6873a23e-69ad-49f6-a8e9-71ce39a9e74c,0.000341715,0.084211107
387,,30000,1944,Cove Mountain Trail,Gatlinburg Bypass Road,,10.96642284,Internal NPS Only,UNKN,2012/07/24 00:00:00+00,Unknown,Raw,GRSM_GIS,9b85cf61-74ce-439c-8679-de42412d597d,4.42E-06,0.008397736
388,,30000,1944,Cove Mountain Trail,Gatlinburg Bypass Road,,8.65857408,Internal NPS Only,UNKN,2012/07/24 00:00:00+00,Unknown,Raw,GRSM_GIS,4c32f817-8925-46a9-b70d-af11dff02568,3.49E-06,0.007853749
389,,30000,1944,Enloe Creek Trail,Straight Fork Road,,88.35354876,Internal NPS Only,UNKN,2012/07/24 00:00:00+00,Unknown,Raw,GRSM_GIS,015624ae-8611-400a-b867-01f66a580617,3.56E-05,0.022973353
390,,30000,1984,Hannah Mountain Trail,Foothills Parkway Section 8h,224073,0.48481871,Internal NPS Only,UNKN,2012/07/24 00:00:00+00,Unknown,Raw,GRSM_GIS,bbf6e01e-f67a-42f0-bc67-67608f154264,1.95E-07,0.001650624
391,,30000,1984,Ace Gap Trail,,224071,99.19592974,Internal NPS Only,UNKN,2012/07/24 00:00:00+00,Unknown,Raw,GRSM_GIS,858a5382-5249-48b5-894c-274d292c098e,4.00E-05,0.025815224
392,,30000,1986,Conner @ Hickory Flats Cemetery Access,Lakeview Drive East,224099,4.39424629,Internal NPS Only,UNKN,2012/07/24 00:00:00+00,Unknown,Raw,GRSM_GIS,b347d0e4-4ccd-46da-96bc-3198292ae7d1,1.77E-06,0.007692521
393,,30000,1986,Roundtop Trail,Foothills Parkway Section 8e,224115,54.75927197,Internal NPS Only,UNKN,2012/07/24 00:00:00+00,Unknown,Raw,GRSM_GIS,597b15dd-278e-4a8b-b985-b16a48546672,2.21E-05,0.017767246
394,,30000,1986,Foothills Spur Trail ,Caney Creek Road,224116,15.02944996,Internal NPS Only,UNKN,2012/07/24 00:00:00+00,Unknown,Raw,GRSM_GIS,32fee428-53fc-4bdb-b17f-ef20a323913b,6.06E-06,0.010348641
395,,30000,1986,Wolf Ridge Trail,Parson Branch Road,224105,3.81514792,Internal NPS Only,UNKN,2012/07/24 00:00:00+00,Unknown,Raw,GRSM_GIS,3d3fae42-ae99-40b0-a270-cf454ca45a28,1.53E-06,0.005803854
396,,30000,1986,Wolf Ridge Trail,Parson Branch Road,224104,18.9396581,Internal NPS Only,UNKN,2012/07/24 00:00:00+00,Unknown,Raw,GRSM_GIS,c1240859-bd34-4adc-a31b-599e59cad95f,7.61E-06,0.011811637
397,,30000,1986,Hannah Mountain Trail,Parson Branch Road,224103,5.50293826,Internal NPS Only,UNKN,2012/07/24 00:00:00+00,Unknown,Raw,GRSM_GIS,5ed168b7-840f-4589-9ac4-287c838906ed,2.21E-06,0.006104196
398,,30000,1986,Cane Creek Trail,Foothills Parkway Southwest Parking #7,224102,25.49612867,Internal NPS Only,UNKN,2012/07/24 00:00:00+00,Unknown,Raw,GRSM_GIS,fd037c1b-6f0d-49eb-9ea5-9c845133d471,1.03E-05,0.012389093
399,,30000,1986,Little Greenbrier Trail,Wear Cove Gap Road,224101,5.23360325,Internal NPS Only,UNKN,2012/07/24 00:00:00+00,Unknown,Raw,GRSM_GIS,12b5a4b8-9aee-42fc-8ea2-d660fd62f06c,2.11E-06,0.006541576
400,,30000,1996,Ace Gap Trail,Foothills Parkway Section 8g,224412,47.61043807,Internal NPS Only,UNKN,2012/07/24 00:00:00+00,Unknown,Raw,GRSM_GIS,c483923f-3820-4d8b-a48e-dda14d0881cc,1.92E-05,0.019651806
401,,30000,1988,Chestnut Top Trail,Townsend Entrance Road,224203,7.62470068,Internal NPS Only,UNKN,2012/07/24 00:00:00+00,Unknown,Raw,GRSM_GIS,15d047b3-8cec-4b43-85db-488dd484386d,3.07E-06,0.007809525
402,,30000,1944,Chestnut Top Trail,Townsend Entrance Road,,28.59526213,Internal NPS Only,UNKN,2012/07/24 00:00:00+00,Unknown,Raw,GRSM_GIS,ffde440d-16d6-44c6-9c5b-14328e4e8396,1.15E-05,0.012557495
403,,30000,1943,Roundtop Trail,Wear Cove Gap Road,,1.61311317,Internal NPS Only,UNKN,2012/07/24 00:00:00+00,Unknown,Raw,GRSM_GIS,759432a7-410a-479f-9104-bb9088b3e5bb,6.50E-07,0.00303035
404,,30000,1943,Little Greenbrier Trail,Wear Cove Gap Road,,86.38209816,Internal NPS Only,UNKN,2012/07/24 00:00:00+00,Unknown,Raw,GRSM_GIS,ad532675-ad11-49e5-8b07-3e373a40a8db,3.48E-05,0.023808696
405,,30000,1943,Hazel Creek Trail,Lakeview Drive West,,3.44101477,Internal NPS Only,UNKN,2012/07/24 00:00:00+00,Unknown,Raw,GRSM_GIS,446fc30a-51c3-4e8c-a619-d4e9e6e2b07c,1.38E-06,0.004742296
406,,30000,1943,Twin Creeks Trail,Cherokee Orchard Road,,3.1643289,Internal NPS Only,UNKN,2012/07/24 00:00:00+00,Unknown,Raw,GRSM_GIS,0570412a-1c76-464e-8680-7a6def73815a,1.28E-06,0.004224592
407,,30000,1942,Cataloochee Divide Trail,Old Cataloochee Turnpike,,282.5961284,Internal NPS Only,UNKN,2012/07/24 00:00:00+00,Unknown,Raw,GRSM_GIS,9287a4c0-d23c-4d42-93dd-509ce5770920,0.000113801,0.055531987
408,,30000,1942,Twentymile Trail,Parson Branch Road,,6.72872071,Internal NPS Only,UNKN,2012/07/24 00:00:00+00,Unknown,Raw,GRSM_GIS,584bb581-41bf-4531-847b-0cf913afabbf,2.70E-06,0.006891456
409,,30000,1942,Noland Divide Trail,Deep Creek Horse Trailer Parking,,8.61863816,Internal NPS Only,UNKN,2012/07/24 00:00:00+00,Unknown,Raw,GRSM_GIS,647282c9-94e7-4e42-99f1-134a34ab0d75,3.46E-06,0.007707268
410,,30000,1942,,Lakeview Drive East Parking #4,,101.7715494,Internal NPS Only,UNKN,2012/07/24 00:00:00+00,Unknown,Raw,GRSM_GIS,01eb5018-663d-4ab6-8412-31c530cf24d7,4.09E-05,0.038217555
411,,30000,1942,Noland Creek Trail,Lakeview Drive East,,68.89532024,Internal NPS Only,UNKN,2012/07/24 00:00:00+00,Unknown,Raw,GRSM_GIS,e9f798de-4ab8-4326-bda4-abb768602777,2.77E-05,0.026471131
412,,30000,1942,Chestnut Top Trail,Townsend Entrance Road,,3.81272216,Internal NPS Only,UNKN,2012/07/24 00:00:00+00,Unknown,Raw,GRSM_GIS,4c40dcdd-5936-417e-ad7d-32553f700656,1.54E-06,0.004609303
413,,30000,1942,Roundtop Trail,Little River Gorge Road,,3.30624314,Internal NPS Only,UNKN,2012/07/24 00:00:00+00,Unknown,Raw,GRSM_GIS,20ac66a9-e7c6-45c8-bfd7-44b8eefa3c7d,1.33E-06,0.004199124
414,,30000,1945,Lower Mount Cammerer Trail,Cosby Government Quarters Parking,223715,7.03864315,Internal NPS Only,UNKN,2012/07/24 00:00:00+00,Unknown,Raw,GRSM_GIS,8de60e90-2e4c-429c-b80a-c9ab39e43135,2.84E-06,0.008662175
415,,30000,1957,Rabbit Creek Trail,Abrams Creek Campground Access Road,,7.61155894,Internal NPS Only,UNKN,2012/07/24 00:00:00+00,Unknown,Raw,GRSM_GIS,3d5a7d54-ca37-4a5f-82c2-b971e0c784c6,3.06E-06,0.006679618
416,,30000,1958,Hannah Mountain Trail,Parson Branch Road,,4.86417338,Internal NPS Only,UNKN,2012/07/24 00:00:00+00,Unknown,Raw,GRSM_GIS,b3581fca-d393-4328-865d-77bf375461e5,1.96E-06,0.005255696
417,,30000,1959,Lawson Jenkins-Kerr Cemetery Access,Old Cataloochee Turnpike,,3.42840779,Internal NPS Only,UNKN,2012/07/24 00:00:00+00,Unknown,Raw,GRSM_GIS,d2d12a26-4d90-4f0d-9b74-cf4856bb6762,1.38E-06,0.004688514
418,,30000,1920,Sugarland Mountain Trail,Fighting Creek Gap Road,,498.8919416,Internal NPS Only,UNKN,2012/07/24 00:00:00+00,Unknown,Raw,GRSM_GIS,909752d1-a6f1-447a-ac9b-127ead79f068,0.000200991,0.218069337
419,,30000,1923,Spruce Mountain Trail,Balsam Mountain Road ,,856.7634738,Internal NPS Only,UNKN,2012/07/24 00:00:00+00,Unknown,Raw,GRSM_GIS,e4a94a1e-bed5-429b-acb7-5dc0dd6fc5dc,0.000344916,0.230546217
420,,30000,1925,Dry Sluice Gap Trail,Newfound Gap Road South,,1405.231354,Internal NPS Only,UNKN,2012/07/24 00:00:00+00,Unknown,Raw,GRSM_GIS,9e00f6e5-f003-4bc1-b156-7554afc65758,0.000565787,0.363221876
421,,30000,1925,Goshen Prong Trail,Little River Gorge Road,,5922.262117,Internal NPS Only,UNKN,2012/07/24 00:00:00+00,Unknown,Raw,GRSM_GIS,03e8418e-2fcf-4eb7-ae7b-204f75cc96c3,0.002384318,1.538925992
422,,30000,1925,Ace Gap Trail,Rich Mountain Road,,104.2465288,Internal NPS Only,UNKN,2012/07/24 00:00:00+00,Unknown,Raw,GRSM_GIS,8a191588-413d-4e4c-ad49-cf1bfdb9fd28,4.20E-05,0.041493473
423,,30000,1926,Hannah Mountain Trail,Foothills Parkway Section 8h,,50.99757385,Internal NPS Only,UNKN,2012/07/24 00:00:00+00,Unknown,Raw,GRSM_GIS,b6672810-350d-43c5-974e-78da93a8a43e,2.05E-05,0.023225969
424,,30000,1928,Deep Creek Trail,Newfound Gap Road South,,35.08478252,Internal NPS Only,UNKN,2012/07/24 00:00:00+00,Unknown,Raw,GRSM_GIS,e96c0459-9548-4c4f-beb4-640c9523b236,1.41E-05,0.015064337
425,,30000,1930,Noland Divide Trail,West Deep Creek Road,,54.46345857,Internal NPS Only,UNKN,2012/07/24 00:00:00+00,Unknown,Raw,GRSM_GIS,9a43bc9b-eae4-4179-b84f-166ad539b95c,2.19E-05,0.03332365
426,,30000,1930,Hannah Mountain Trail,Parson Branch Road,,109.7486637,Internal NPS Only,UNKN,2012/07/24 00:00:00+00,Unknown,Raw,GRSM_GIS,901d91f0-bd1e-40de-8618-aa3650a71c19,4.41E-05,0.047027459
427,,30000,1931,Finley Cane Trail,Laurel Creek Road,,70.19040582,Internal NPS Only,UNKN,2012/07/24 00:00:00+00,Unknown,Raw,GRSM_GIS,d6125808-21b9-481f-a5e8-c1771170d589,2.83E-05,0.024075184
428,,30000,1933,Cooper Road Trail,Abrams Falls Parking Lot,,72.37703802,Internal NPS Only,UNKN,2012/07/24 00:00:00+00,Unknown,Raw,GRSM_GIS,38c91504-3bb2-4092-9981-962695ea2df4,2.91E-05,0.032018837
429,,30000,1933,Gregory Bald Trail,Parson Branch Road,,130.132015,Internal NPS Only,UNKN,2012/07/24 00:00:00+00,Unknown,Raw,GRSM_GIS,d0ebe8dc-7f51-4f1c-93bb-d70dee63f6f0,5.23E-05,0.02931914
430,,30000,1933,Rabbit Creek Trail,Abrams Creek Campground Road,,1110.378665,Internal NPS Only,UNKN,2012/07/24 00:00:00+00,Unknown,Raw,GRSM_GIS,36c28538-31cc-452e-814e-bce18ffa84f4,0.000446909,0.085595635
431,,30000,1934,Thunderhead Prong Quiet Walkway,Upper Tremont Road,,350.9810854,Internal NPS Only,UNKN,2012/07/24 00:00:00+00,Unknown,Raw,GRSM_GIS,67b5cbe1-d83c-4dd4-b925-893952308de1,0.000141284,0.120157776
432,,30000,1934,Gregory Bald Trail,Parson Branch Road ,,73.0060788,Internal NPS Only,UNKN,2012/07/24 00:00:00+00,Unknown,Raw,GRSM_GIS,ff31a2ac-9442-49f6-847f-55b4d4988498,2.94E-05,0.040382701
433,,30000,1935,Wolf Ridge Trail,Parson Branch Road,,79.98181562,Internal NPS Only,UNKN,2012/07/24 00:00:00+00,Unknown,Raw,GRSM_GIS,03be6f7a-082b-4d2d-8e32-38914c96ce7b,3.22E-05,0.03590795
434,,30000,1935,Hannah Mountain Trail,Parson Branch Road,,89.16411462,Internal NPS Only,UNKN,2012/07/24 00:00:00+00,Unknown,Raw,GRSM_GIS,058c57bb-f3fd-498a-81a4-08e593f31b6e,3.59E-05,0.026109057
435,,30000,1936,Gregory Bald Trail,Parson Branch Road,,905.2700667,Internal NPS Only,UNKN,2012/07/24 00:00:00+00,Unknown,Raw,GRSM_GIS,f2be0131-4d69-4435-b78e-30c2afc9a18c,0.000364089,0.22670518
436,,30000,1936,Thunderhead Prong Quiet Walkway,Upper Tremont Road,,419.9984923,Internal NPS Only,UNKN,2012/07/24 00:00:00+00,Unknown,Raw,GRSM_GIS,bbdcd6cb-7358-416f-b46d-dce7a6b59ab0,0.000169034,0.089763555
437,,30000,1936,Thunderhead Prong Quiet Walkway,Upper Tremont Road,,44.19271935,Internal NPS Only,UNKN,2012/07/24 00:00:00+00,Unknown,Raw,GRSM_GIS,fdbd7800-bdd7-4e93-bfe8-a50a75524ff0,1.78E-05,0.031076572
438,,30000,1937,Hannah Mountain Trail,Parson Branch Road,,86.34804037,Internal NPS Only,UNKN,2012/07/24 00:00:00+00,Unknown,Raw,GRSM_GIS,17f191b8-2640-4fb1-93f9-4169d070300c,3.47E-05,0.02675606
439,,30000,1938,Hannah Mountain Trail,Parson Branch Road,,91.40290612,Internal NPS Only,UNKN,2012/07/24 00:00:00+00,Unknown,Raw,GRSM_GIS,2bb56eef-6074-4a7c-8234-eaafc7a18b30,3.67E-05,0.039988356
440,,30000,1938,Cooper Road Trail,Abrams Creek Campground Access Road,,57.85805707,Internal NPS Only,UNKN,2012/07/24 00:00:00+00,Unknown,Raw,GRSM_GIS,0da861c2-ced4-402c-89ed-918334a794fc,2.33E-05,0.024376566
441,,30000,1938,Hannah Mountain Trail,Parson Branch Road,,22.380306,Internal NPS Only,UNKN,2012/07/24 00:00:00+00,Unknown,Raw,GRSM_GIS,e0f885ad-49de-4191-bec3-3a5a8c697e01,9.00E-06,0.0109355
442,,30000,1939,Cooper Road Trail,Abrams Creek Campground Road,,84.05927847,Internal NPS Only,UNKN,2012/07/24 00:00:00+00,Unknown,Raw,GRSM_GIS,4cca2ba8-fd5b-48a6-97a1-81b3818d6c43,3.38E-05,0.02855797
443,,30000,1939,Hannah Mountain Trail,Parson Branch Road,,113.1170682,Internal NPS Only,UNKN,2012/07/24 00:00:00+00,Unknown,Raw,GRSM_GIS,06c0ebad-62a9-4e01-b8fd-8c81ce74ae89,4.55E-05,0.040165337
444,,30000,1940,Hannah Mountain Trail,Foothills Parkway Section 8h,,4.83407613,Internal NPS Only,UNKN,2012/07/24 00:00:00+00,Unknown,Raw,GRSM_GIS,38df9c3e-2501-462a-aa58-754c8b012871,1.95E-06,0.005303806
445,,30000,1940,Campsite 98 Access Trail,Lakeview Drive East Parking #4,,4.99803785,Internal NPS Only,UNKN,2012/07/24 00:00:00+00,Unknown,Raw,GRSM_GIS,03cae566-0fb0-4ff2-9706-13320c521b1c,2.01E-06,0.005583348
446,,30000,1940,Twentymile Trail,Parson Branch Road,,83.24402257,Internal NPS Only,UNKN,2012/07/24 00:00:00+00,Unknown,Raw,GRSM_GIS,d227ca12-1a84-4c75-a71d-7b0d6cd43a33,3.35E-05,0.021861589
447,,30000,1940,Wolf Ridge Trail,Parson Branch Road,,5.54695374,Internal NPS Only,UNKN,2012/07/24 00:00:00+00,Unknown,Raw,GRSM_GIS,006deca9-df16-4261-8a81-ad92a583e40d,2.23E-06,0.005658917
448,,30000,1940,Appalachian Trail,Cades Cove Loop Road,,93.96492763,Internal NPS Only,UNKN,2012/07/24 00:00:00+00,Unknown,Raw,GRSM_GIS,ef42c841-bda3-4d6a-a5d5-97a214082e9b,3.78E-05,0.02469257
449,,30000,1940,Newton Bald Trail,Newfound Gap Road South,,4.92171705,Internal NPS Only,UNKN,2012/07/24 00:00:00+00,Unknown,Raw,GRSM_GIS,93212f40-fceb-470b-951e-8ace9a33f461,1.98E-06,0.005318214
450,,30000,1940,Twentymile Trail,Twenty Mile Ranger Station Road,,153.7872238,Internal NPS Only,UNKN,2012/07/24 00:00:00+00,Unknown,Raw,GRSM_GIS,6cf2e55b-7033-4d6f-b82c-e020af669290,6.18E-05,0.046117777
451,,30000,1940,Grapeyard Ridge Trail,Greenbrier Unpaved Road,,6.48106535,Internal NPS Only,UNKN,2012/07/24 00:00:00+00,Unknown,Raw,GRSM_GIS,9034d550-1e15-4152-974d-80255672248f,2.61E-06,0.006292722
452,,30000,1940,Ace Gap Trail,Rich Mountain Road Parking Area,,4.51105475,Internal NPS Only,UNKN,2012/07/24 00:00:00+00,Unknown,Raw,GRSM_GIS,22d76fda-8093-43c5-8245-556910025cf7,1.82E-06,0.005103981
453,,30000,1940,West Prong Trail,Laurel Creek Road,,4.1953256,Internal NPS Only,UNKN,2012/07/24 00:00:00+00,Unknown,Raw,GRSM_GIS,d83f81ed-a1c0-49a5-95ff-1b067c6b10e4,1.69E-06,0.004897485
454,,30000,1941,Ace Gap Trail,,,79.49292641,Internal NPS Only,UNKN,2012/07/24 00:00:00+00,Unknown,Raw,GRSM_GIS,f50e153d-821f-4c79-8390-d1196103011a,3.20E-05,0.023131976
455,,30000,1941,Curry Mountain Trail,Little River Gorge Road,,25.22424079,Internal NPS Only,UNKN,2012/07/24 00:00:00+00,Unknown,Raw,GRSM_GIS,2f329aba-023e-4430-ba6c-bdf8aeba6621,1.02E-05,0.01429102
456,,30000,1941,Crooked Arm Ridge Trail,Laurel Creek Road,,7.75858944,Internal NPS Only,UNKN,2012/07/24 00:00:00+00,Unknown,Raw,GRSM_GIS,e9ae8271-d11f-4e46-8ecd-f06871322f5f,3.12E-06,0.007663202
457,,30000,1941,Twentymile Trail,Twenty Mile Ranger Station Road,,14.58298103,Internal NPS Only,UNKN,2012/07/24 00:00:00+00,Unknown,Raw,GRSM_GIS,93f65e46-2bc2-4473-8355-eab898575252,5.86E-06,0.010794698
458,,30000,1941,Twentymile Trail,Twenty Mile Ranger Station Road,,35.34071033,Internal NPS Only,UNKN,2012/07/24 00:00:00+00,Unknown,Raw,GRSM_GIS,70eb38cb-4b80-42d3-817f-f51bd44743cd,1.42E-05,0.01420499
459,,30000,1941,Loop Trail,Tom Branch Road,,7.50450096,Internal NPS Only,UNKN,2012/07/24 00:00:00+00,Unknown,Raw,GRSM_GIS,eb5b7c47-b5ba-40b8-9e58-541ad8f08bb5,3.02E-06,0.006607447
460,,30000,1941,Cades Cove Horse Trail,Cades Cove Loop Road,,5.22476988,Internal NPS Only,UNKN,2012/07/24 00:00:00+00,Unknown,Raw,GRSM_GIS,98b54554-c749-4b30-879c-7c993ba3d9ca,2.10E-06,0.005586976
461,,30000,1941,Appalachian Trail,Cades Cove Loop Road,,9.56003663,Internal NPS Only,UNKN,2012/07/24 00:00:00+00,Unknown,Raw,GRSM_GIS,a29c5326-b039-4df4-b7c9-d4a1d6d92e6e,3.85E-06,0.008958624
462,,30000,1941,Wolf Ridge Trail,Parson Branch Road,,6.86678331,Internal NPS Only,UNKN,2012/07/24 00:00:00+00,Unknown,Raw,GRSM_GIS,9a2848a9-f993-4403-baa1-1763b5bb39ee,2.76E-06,0.00632729
463,,30000,1941,Fairfax/Old Payne (Palmer) Access,Payne Cemetery Access Road,,19.83840619,Internal NPS Only,UNKN,2012/07/24 00:00:00+00,Unknown,Raw,GRSM_GIS,8392b400-f6b3-4859-84aa-7920c190ff1f,7.97E-06,0.013613754
464,,30000,1941,Eagle Creek Trail,Cades Cove Loop Road,,178.9592757,Internal NPS Only,UNKN,2012/07/24 00:00:00+00,Unknown,Raw,GRSM_GIS,9e2b089d-184c-4253-95ee-06043ad7823e,7.20E-05,0.042910947
465,,30000,1941,Eagle Creek Trail,Lakeview Drive West,,1163.240251,Internal NPS Only,UNKN,2012/07/24 00:00:00+00,Unknown,Raw,GRSM_GIS,c560031f-4068-462f-90cc-e10e5b78f1cc,0.000467634,0.147938228
466,,30000,1941,Rabbit Creek Trail,Foothills Parkway Section 8h,,4.71620791,Internal NPS Only,UNKN,2012/07/24 00:00:00+00,Unknown,Raw,GRSM_GIS,0a332d22-3e16-46cd-9efd-6430ebbf00bb,1.90E-06,0.005156147
467,,30000,1941,Hannah Mountain Trail,Abrams Creek Campground Access Road,,23.52805237,Internal NPS Only,UNKN,2012/07/24 00:00:00+00,Unknown,Raw,GRSM_GIS,3c31d62a-6214-420b-afd8-dcc8afe9ebc5,9.47E-06,0.01217273
468,,30000,1941,Old Settlers Trail,Greenbrier Unpaved Road,,5.78137784,Internal NPS Only,UNKN,2012/07/24 00:00:00+00,Unknown,Raw,GRSM_GIS,c20e5461-f930-454d-890d-f6683b961979,2.33E-06,0.005914301
469,,30000,1941,Middle Prong Trail,Upper Tremont Road,,6.71638923,Internal NPS Only,UNKN,2012/07/24 00:00:00+00,Unknown,Raw,GRSM_GIS,2d7e2a9e-ee0b-4889-a633-fa87d7a7af9d,2.70E-06,0.00629597
470,,30000,1941,Twentymile Trail,Twenty Mile Ranger Station Road,,12.43381733,Internal NPS Only,UNKN,2012/07/24 00:00:00+00,Unknown,Raw,GRSM_GIS,d0af82ea-bc1c-4c11-9b05-39fc1d295467,5.00E-06,0.010131052
471,,30000,1925,Appalachian Trail,Upper Tremont Road,,822.98414,Internal NPS Only,UNKN,2012/07/24 00:00:00+00,Unknown,Raw,GRSM_GIS,32d47455-8b23-4a64-b58f-42c632d4233c,0.00033109,0.361427802
472,,30000,1925,Hazel Creek Trail,Lakeview Drive East Parking #4,,269.6594864,Internal NPS Only,UNKN,2012/07/24 00:00:00+00,Unknown,Raw,GRSM_GIS,f9383d22-c879-42e7-82a0-08f6e165f57e,0.000108463,0.146224477
473,,30000,1925,Forney Creek Trail,Lakeview Drive East Parking #4,,589.2405607,Internal NPS Only,UNKN,2012/07/24 00:00:00+00,Unknown,Raw,GRSM_GIS,e097938a-53f8-4731-8a56-ffd3122d9a68,0.000236939,0.269206321
474,,30000,1925,Forney Creek Trail,Kuwohi Road Primary Parking,,2109.042129,Internal NPS Only,UNKN,2012/07/24 00:00:00+00,Unknown,Raw,GRSM_GIS,44f0338f-9db2-48ef-b047-2367cc83a788,0.000848389,0.377127553
475,,30000,1925,Brushy Mountain Trail,Ramsey Cascades Trailhead Parking,,725.6526598,Internal NPS Only,UNKN,2012/07/24 00:00:00+00,Unknown,Raw,GRSM_GIS,ca36ba95-9c0a-4ab6-b0ff-f21e2b8cfb43,0.000292408,0.605501952
476,,30000,1925,Appalachian Trail,Balsam Mountain Road ,,8596.118548,Internal NPS Only,UNKN,2012/07/24 00:00:00+00,Unknown,Raw,GRSM_GIS,416aba4e-dba6-4204-9517-8ac96d280167,0.003463989,1.669611182
477,,30000,1925,Lower Mount Cammerer Trail,Cosby Entrance Road,,766.9516487,Internal NPS Only,UNKN,2012/07/24 00:00:00+00,Unknown,Raw,GRSM_GIS,e39798c2-defd-47d1-86e8-681bf4825d5c,0.000309356,0.521872131
478,,30000,1925,Low Gap Trail,Cosby Campground Road B,,136.3545236,Internal NPS Only,UNKN,2012/07/24 00:00:00+00,Unknown,Raw,GRSM_GIS,8c04a59e-a7f1-4e1e-95fb-63d904a5d326,5.50E-05,0.097962171
479,,30000,2010,Foothills Spur Trail ,King Branch Road,615679,21.36106767,Internal NPS Only,UNKN,2012/07/31 00:00:00+00,Unknown,Raw,GRSM_GIS,62f136d1-9448-434b-be7e-51cab0af47ec,8.62E-06,0.016235623
480,,30000,2001,Tritt Cemetery Access Trail,Foothills Parkway Section 8a,224704,2287.714134,Internal NPS Only,UNKN,2012/07/24 00:00:00+00,Unknown,Raw,GRSM_GIS,f7a0b42b-17af-41e1-b092-3ed8c46f0273,0.000923294,0.148916228
481,,30000,2008,Hannah Mountain Trail,Abrams Creek Campground Access Road,576934,14.26538707,Internal NPS Only,UNKN,2012/07/24 00:00:00+00,Unknown,Raw,GRSM_GIS,75ce1341-0e3e-4288-956c-ca768c561148,5.74E-06,0.010127133
482,,30000,1986,Lower Mount Cammerer Trail,Cosby Entrance Road,224108,2.66747962,Internal NPS Only,UNKN,2012/07/24 00:00:00+00,Unknown,Raw,GRSM_GIS,efb4c4d5-f092-486c-ad15-2445e823cbae,1.08E-06,0.003892243
483,,30000,2010,Hannah Mountain Trail,Parson Branch Road,613563,287.1735758,Internal NPS Only,UNKN,2012/07/31 00:00:00+00,Unknown,Raw,GRSM_GIS,b95d1d6c-d655-48d5-a579-e17ef69365ea,0.000115444,0.060350865
484,,30000,2010,Foothills Spur Trail ,King Branch Road,601833,0.84520391,Internal NPS Only,UNKN,2012/07/31 00:00:00+00,Unknown,Raw,GRSM_GIS,0d239577-8c42-4772-877b-395766e947e0,3.41E-07,0.002486864
485,,30000,2012,Lakeshore Trail,Lakeview Drive West,635795,2.85603256,Internal NPS Only,UNKN,2012/08/02 00:00:00+00,Unknown,Raw,GRSM_GIS,837da0cd-fef7-4548-a444-2e1d5394ddbf,1.15E-06,0.005242876
486,,30000,2012,Ace Gap Trail,Foothills Parkway Section 8e,638915,15.36340239,Internal NPS Only,UNKN,2012/08/02 00:00:00+00,Unknown,Raw,GRSM_GIS,83621a11-973e-4714-8125-83bcdc9ad655,6.19E-06,0.014269376
487,,30000,1942,Eagle Creek Trail,Payne Cemetery Access Road,,1379.833342,Internal NPS Only,UNKN,2012/07/24 00:00:00+00,Unknown,Raw,GRSM_GIS,1de99412-0640-440a-9bc5-42ee90b49fc8,0.000554621,0.145797978
488,,30000,,Scott Mountain Trail,Laurel Creek Road,,49.95266545,Internal NPS Only,UNKN,,Unknown,Raw,GRSM_GIS,e067ef76-1846-49c4-a41e-44ad9ac39e3a,2.01E-05,0.01868635
489,,30000,1986,Noland Creek Trail,Lakeview Drive East,224111,824.7823175,Internal NPS Only,UNKN,2012/07/24 00:00:00+00,Unknown,Raw,GRSM_GIS,4dddcb08-7aa0-4ed4-b168-67b36aec50da,0.000331421,0.091502719
490,,30000,2012,Nations Cemetery Access,Oconaluftee Job Corps Center Access Road,,97.01797371,Internal NPS Only,UNKN,2012/11/28 00:00:00+00,Unknown,Raw,GRSM_GIS,d010330e-4ee4-46e8-8549-7a2b3f8e02ae,3.90E-05,0.030611533
491,,30000,2012,Look Rock Developed Trail,Foothills Parkway Section 8g,,1.35681958,Internal NPS Only,UNKN,2012/11/28 00:00:00+00,Unknown,Raw,GRSM_GIS,d19684ce-f003-405e-9d7d-4076fa7b9868,5.46E-07,0.003961923
492,,30000,2006,Wolf Ridge Trail,Parson Branch Road,533395,906.1580213,Internal NPS Only,UNKN,2012/07/24 00:00:00+00,Unknown,Raw,GRSM_GIS,7ca3311d-4112-44a5-8327-1b7d7e0b8f3a,0.000364379,0.107224802
493,,30000,2009,Chambers Cemetery Access,Tow String Road,586965,2191.294688,Internal NPS Only,UNKN,2012/07/24 00:00:00+00,Unknown,Raw,GRSM_GIS,154c0319-5591-4f05-bd97-0859a7b1128f,0.000881278,0.151621929
494,,30000,2007,Big Creek Trail,Big Creek Entrance Road,540545,220.186623,Internal NPS Only,UNKN,2012/07/24 00:00:00+00,Unknown,Raw,GRSM_GIS,e2ddfcdb-3b38-48a2-aa13-0e59dff7d9e7,8.88E-05,0.04558795
495,,30000,2007,Little Greenbrier Trail,Wear Cove Gap Road,538992,14.46246339,Internal NPS Only,UNKN,2012/07/24 00:00:00+00,Unknown,Raw,GRSM_GIS,81880bdc-ae0f-4811-a880-1cd82c17c7d9,5.83E-06,0.0188922
496,,30000,1999,Newton Bald Trail,Collins Creek Picnic Area Upper Loop,224521,97.65049605,Internal NPS Only,UNKN,2012/07/24 00:00:00+00,Unknown,Raw,GRSM_GIS,d1b710ba-5f45-41a3-a4d7-fd622a621dfd,3.93E-05,0.026772234
497,,30000,,White Oak Branch Trail,Lakeview Drive East Parking #4,224466,456.9044345,Internal NPS Only,UNKN,2012/07/24 00:00:00+00,Unknown,Raw,GRSM_GIS,a6eed1fb-97cb-4c7f-afb4-eea012c6e9a9,0.000183651,0.090618105
498,,30000,2013,Oconaluftee River Trail,Newfound Gap Road South,,27.64172074,Internal NPS Only,UNKN,,Unknown,Raw,GRSM_GIS,96470245-5b3b-4c83-b868-24a2f0e06471,1.11E-05,0.017644651
499,,30000,2013,Foothills Spur Trail ,Gnatty Branch Road,,1.16306377,Internal NPS Only,UNKN,2014/01/23 00:00:00+00,Unknown,Raw,GRSM_GIS,37e93b22-b6c6-4804-95f9-f411ca115950,4.69E-07,0.0028558
500,,50000,2013,Laurel Falls Trail,Fighting Creek Gap Road,"Possibly from 2013 Derichio. Severe damage better visible from trail, looking up. Not present on previous air photo.",4.22711564,Internal NPS Only,UNKN,2014/02/02 00:00:00+00,Unknown,Raw,GRSM_GIS,ab0a66ad-491a-4185-9d2d-c9e435ff77c5,1.70E-06,0.005829346
501,,50000,2013,Laurel Falls Trail,Fighting Creek Gap Road,"Possibly from 2013 Derichio. Severe damage better visible from trail, looking up. Not present on previous air photo.",3.32399593,Internal NPS Only,UNKN,2014/02/02 00:00:00+00,Unknown,Raw,GRSM_GIS,a909c9aa-8363-4f4d-8b07-421ccbb63e4b,1.34E-06,0.012102078
502,,50000,2013,Laurel Falls Trail,Fighting Creek Gap Road,"Possibly from 2013 Derichio. Severe damage better visible from trail, looking up. Not present on previous air photo.",4.66221421,Internal NPS Only,UNKN,2014/02/02 00:00:00+00,Unknown,Raw,GRSM_GIS,8e9ee8aa-4bac-47c0-9296-eed7c5df6eeb,1.88E-06,0.009188799
503,,50000,2013,Laurel Falls Trail,Fighting Creek Gap Road,"Possibly from 2013 Derichio. Severe damage better visible from trail, looking up. Not present on previous air photo.",0.90932506,Internal NPS Only,UNKN,2014/02/02 00:00:00+00,Unknown,Raw,GRSM_GIS,f7ca8015-f8e5-412f-9d48-6cc70ad68c6e,3.66E-07,0.002849796
504,Land-slide 1077,50000,1996,Alum Cave Trail,Newfound Gap Road North,Occured between 93 and 98,2.9435662,Internal NPS Only,UNKN,,Unknown,Raw,GRSM_GIS,770ce716-c1d6-4f07-bde1-620761f44de3,1.19E-06,0.015356696
505,Land-slide 1078,50000,2013,Alum Cave Trail,Nfg Pullout Parking At Mp 10.18,,0.36717651,Internal NPS Only,UNKN,,Unknown,Raw,GRSM_GIS,7cb9f082-032f-4d38-9290-6cc1505482c6,1.48E-07,0.00353065
506,,50000,2011,Hatcher Mountain Trail,Foothills Parkway Southwest Entrance Sign Parking #1,,3295.066058,Internal NPS Only,UNKN,,Unknown,Raw,GRSM_GIS,8dbb15e8-3b71-49a4-a434-0b7b70b8af65,0.001326279,0.458323117
507,,50000,2011,Hannah Mountain Trail,Foothills Parkway Section 8h,,802.3689119,Internal NPS Only,UNKN,,Unknown,Raw,GRSM_GIS,24cadfaa-99df-4013-9cab-d2fcfd6916af,0.000322698,0.147937237
508,,50000,2011,Rabbit Creek Trail,Abrams Falls Parking Lot,,433.7050796,Internal NPS Only,UNKN,,Unknown,Raw,GRSM_GIS,560f14e0-89f0-42fe-99b6-8e7e2f2b184b,0.000174551,0.089714609
509,,50000,2011,Indian Grave Gap Trail,Rich Mountain Road (closed Winter),,505.8571573,Internal NPS Only,UNKN,,Unknown,Raw,GRSM_GIS,38bc289c-847d-4ea0-88ea-a1f5111ff77d,0.000203696,0.108842343
510,,50000,,Alum Cave Trail,Nfg Pullout Parking At Mp 9.48,,1.15503045,Internal NPS Only,UNKN,2014/05/27 00:00:00+00,Unknown,Raw,GRSM_GIS,e52ae8f2-5b14-41c5-9bdc-bece0a93dfc4,4.65E-07,0.007328083
511,,50000,,Appalachian Trail,Clingmans Dome Access Road,,2.0297453,Internal NPS Only,UNKN,2014/05/28 00:00:00+00,Unknown,Raw,GRSM_GIS,1d5d5909-7781-4c5b-98ee-1509ee71f94f,8.17E-07,0.010239051
512,,50000,,Balsam Mountain Trail,Balsam Mountain Road (closed Winter),,0.25064505,Internal NPS Only,UNKN,2014/05/28 00:00:00+00,Unknown,Raw,GRSM_GIS,42f0c280-e6cc-4334-ab05-ee5ac12fe44e,1.01E-07,0.002932539
513,,50000,,Balsam Mountain Trail,Balsam Mountain Road (closed Winter),,0.62394388,Internal NPS Only,UNKN,2014/05/28 00:00:00+00,Unknown,Raw,GRSM_GIS,b41acbf3-6fc1-4676-a3e9-a3f145c69784,2.51E-07,0.003597603
514,,50000,,Balsam Mountain Trail,Balsam Mountain Road (closed Winter),,0.81426719,Internal NPS Only,UNKN,2014/05/28 00:00:00+00,Unknown,Raw,GRSM_GIS,7ed809e6-994a-455f-9bac-fbc204db5f84,3.28E-07,0.004567184
515,,50000,,Balsam Mountain Trail,Balsam Mountain Road (closed Winter),,0.18258621,Internal NPS Only,UNKN,2014/05/29 00:00:00+00,Unknown,Raw,GRSM_GIS,95aed839-cf43-4297-8236-e7d1094ec89f,7.36E-08,0.00123327
516,,50000,,Appalachian Trail,Newfound Gap Road North,,0.33511394,Internal NPS Only,UNKN,2014/06/10 00:00:00+00,Unknown,Raw,GRSM_GIS,d9f7ac1b-d0e7-4927-a210-2fabfe606854,1.35E-07,0.003149946
517,,50000,,Appalachian Trail,Ramsey Cascades Trailhead Parking,Can be seen clearly in Bing bird's eye imagey.,0.68378388,Internal NPS Only,UNKN,2014/06/10 00:00:00+00,Unknown,Raw,GRSM_GIS,d68242b0-6af4-4e4a-a320-db392dcdcd56,2.75E-07,0.002432599
518,,50000,,Appalachian Trail,Straight Fork Road,,0.68516364,Internal NPS Only,UNKN,2014/06/10 00:00:00+00,Unknown,Raw,GRSM_GIS,3e87331e-a607-4013-9107-7d02d6535e50,2.76E-07,0.003822034
519,,50000,,Balsam Mountain Trail,Balsam Mountain Road (closed Winter),,0.90977327,Internal NPS Only,UNKN,2014/06/10 00:00:00+00,Unknown,Raw,GRSM_GIS,d2fb3ab6-b2ed-4a64-89dc-aaef59ee0e33,3.66E-07,0.005310489
520,,50000,,Balsam Mountain Trail,Balsam Mountain Road (closed Winter),,0.84328349,Internal NPS Only,UNKN,2014/06/10 00:00:00+00,Unknown,Raw,GRSM_GIS,992e9a8f-5609-4a4a-9660-83e4c3a428ba,3.40E-07,0.005895135
521,,50000,,Alum Cave Trail,Nfg Pullout Parking At Mp 9.48,,0.82974853,Internal NPS Only,UNKN,2014/06/10 00:00:00+00,Unknown,Raw,GRSM_GIS,c76a2df9-9189-4cc6-a8fc-cb54ed666d84,3.34E-07,0.003859943
522,,50000,,Gunter Fork Trail,Balsam Mountain Road (closed Winter),,0.39091533,Internal NPS Only,UNKN,2014/06/10 00:00:00+00,Unknown,Raw,GRSM_GIS,8295de22-41ac-4c65-a3fb-cfb7bc99c9c4,1.58E-07,0.004084894
523,,50000,,Appalachian Trail,Ramsey Cascades Trailhead Parking,Ground Truthed 7/1/2014,0.26207122,Internal NPS Only,UNKN,2014/07/07 00:00:00+00,Unknown,Raw,GRSM_GIS,5ab30107-dc7a-4c12-a04a-1f9ebb91dec0,1.06E-07,0.002284333
524,,50000,,Appalachian Trail,Ramsey Cascades Trailhead Parking,Ground Truthed 7/1/2014,0.69146257,Internal NPS Only,UNKN,2014/07/07 00:00:00+00,Unknown,Raw,GRSM_GIS,33e9c9e2-f894-4ed8-9298-77ebd8952b74,2.79E-07,0.004130296
525,,50000,,Appalachian Trail,Ramsey Cascades Trailhead Parking,,1.43932585,Internal NPS Only,UNKN,2014/07/07 00:00:00+00,Unknown,Raw,GRSM_GIS,18d1f850-6c1d-41ec-8380-a684d6c2eb8c,5.80E-07,0.004857282
526,,50000,,Hyatt Ridge Trail,Beech Gap Trailhead Parking #2,,0.17753825,Internal NPS Only,UNKN,2014/07/07 00:00:00+00,Unknown,Raw,GRSM_GIS,03394bc4-7bb6-48ba-b4b4-d08ca2cfd1c6,7.15E-08,0.001184909
527,,50000,,Boulevard Trail,Newfound Gap Road North,,1.94262182,Internal NPS Only,UNKN,2014/07/07 00:00:00+00,Unknown,Raw,GRSM_GIS,0036f04b-0579-4565-aab0-33c8f3b43dd0,7.82E-07,0.006681109
528,,50000,,Appalachian Trail,Ramsey Cascades Trailhead Parking,,0.19796544,Internal NPS Only,UNKN,2014/07/07 00:00:00+00,Unknown,Raw,GRSM_GIS,de4fa06c-aa14-4b08-a011-99b3becc2785,7.98E-08,0.001319077
529,,50000,,Boulevard Trail,Newfound Gap Road North,,1.56228621,Internal NPS Only,UNKN,2014/07/07 00:00:00+00,Unknown,Raw,GRSM_GIS,e2b41213-6db3-40c1-8e90-c147e0e71faf,6.29E-07,0.010179792
530,,50000,,Appalachian Trail,Porters Creek Scenic Loop,Grounf Truthed 7/1/2014,0.4765304,Internal NPS Only,UNKN,2014/07/07 00:00:00+00,Unknown,Raw,GRSM_GIS,26db494a-e787-409c-a79e-735955243b7c,1.92E-07,0.002224669
531,,50000,,Myrtle Point Trail,Alum Cave Bluffs Trailhead Parking,,2.79677039,Internal NPS Only,UNKN,2014/07/07 00:00:00+00,Unknown,Raw,GRSM_GIS,ddae0409-a715-499a-817d-c548825ebee1,1.13E-06,0.009546283
532,,50000,,Boulevard Trail,Newfound Gap Road North,,2.16002779,Internal NPS Only,UNKN,2014/07/08 00:00:00+00,Unknown,Raw,GRSM_GIS,18e9c954-b45f-474e-95fb-84b85937e1b7,8.70E-07,0.006416108
533,,50000,,Boulevard Trail,Newfound Gap Road North,,1.34663282,Internal NPS Only,UNKN,2014/07/08 00:00:00+00,Unknown,Raw,GRSM_GIS,542a3627-d244-47cf-b978-e4ee1466cfe8,5.42E-07,0.003478414
534,,50000,,Appalachian Trail,Upper Tremont Road,,0.87165955,Internal NPS Only,UNKN,2014/07/17 00:00:00+00,Unknown,Raw,GRSM_GIS,bab08de4-8816-4d41-b53c-537d0a70bb56,3.51E-07,0.004290974
535,,50000,,Appalachian Trail,Newfound Gap Road North,,0.59059005,Internal NPS Only,UNKN,2014/07/17 00:00:00+00,Unknown,Raw,GRSM_GIS,78f2a260-7109-4c24-bba2-4ef5c5373273,2.38E-07,0.004317461
536,,50000,,Appalachian Trail,Ramsey Cascades Trailhead Parking,,0.22761213,Internal NPS Only,UNKN,2014/07/17 00:00:00+00,Unknown,Raw,GRSM_GIS,ec60f9c0-8ae9-4431-8381-d838195ad6d3,9.17E-08,0.001483422
537,,50000,,Boulevard Trail,Nfg Pullout Parking At Mp 12.98,,1.0011277,Internal NPS Only,UNKN,2014/07/17 00:00:00+00,Unknown,Raw,GRSM_GIS,b8f1227d-315b-41f6-93a3-d53a6d60c934,4.03E-07,0.003103429
538,,50000,,Appalachian Trail,Ramsey Cascades Trailhead Parking,Swain County imagery shows a longer slide than any other source.  ,0.60284486,Internal NPS Only,UNKN,2014/07/17 00:00:00+00,Unknown,Raw,GRSM_GIS,666399dd-fb0f-47b4-af68-41cdc818ee5e,2.43E-07,0.004226666
539,,50000,,Alum Cave Trail,Newfound Gap Road North,,0.45943477,Internal NPS Only,UNKN,2014/07/17 00:00:00+00,Unknown,Raw,GRSM_GIS,6f74a2d6-8141-4b82-8b20-b26f77ce7e86,1.85E-07,0.002057909
540,,50000,,Myrtle Point Trail,Alum Cave Bluffs Trailhead Parking,Ground truthing suggested.,0.61791682,Internal NPS Only,UNKN,2014/07/17 00:00:00+00,Unknown,Raw,GRSM_GIS,e4d30364-c9b0-4465-b39a-34b929a1a72a,2.49E-07,0.002289987
541,,50000,,Myrtle Point Trail,Alum Cave Bluffs Trailhead Parking,Older disturbance.,0.57917714,Internal NPS Only,UNKN,2014/07/17 00:00:00+00,Unknown,Raw,GRSM_GIS,0ccb6f12-1d13-4570-8bf1-56e372930d31,2.33E-07,0.002722226
542,,50000,,Boulevard Trail,Newfound Gap Road North,Older disturbance. ,1.20653535,Internal NPS Only,UNKN,2014/07/17 00:00:00+00,Unknown,Raw,GRSM_GIS,d61882b2-8cea-4145-bc66-c359378eac95,4.86E-07,0.004717366
543,,50000,,Boulevard Trail,Newfound Gap Road North,Older disturbance. ,0.99986195,Internal NPS Only,UNKN,2014/07/17 00:00:00+00,Unknown,Raw,GRSM_GIS,ea8e35ed-8f02-42e1-b937-a22089a9b525,4.03E-07,0.00344154
544,,50000,,Appalachian Trail,Ramsey Cascades Trailhead Parking,Older disturbance,1.24398285,Internal NPS Only,UNKN,2014/07/17 00:00:00+00,Unknown,Raw,GRSM_GIS,615fb7ca-d213-4cc0-b0ee-30f9da188af9,5.01E-07,0.005723513
545,,30000,,Lawson Cemetery Access Trail,Cades Cove Loop Road,,497.4614322,Internal NPS Only,UNKN,,Unknown,Raw,GRSM_GIS,65def965-9d48-48a1-9512-4cfdf77fea5e,0.000200152,0.059437689
546,,18000,,Gatlinburg Trail,Gatlinburg Bypass Road,In original DB these were flagged as insect: Need further investigation! No attrib events!,0.63410971,Internal NPS Only,UNKN,2014/09/24 00:00:00+00,Unknown,Invalid,GRSM_GIS,5ec5d4d4-18f7-466f-9265-6d48d9796b9c,2.56E-07,0.002414542
547,,18000,,Old Sugarlands Trail,Twin Creeks Research Lab Access,In original DB these were flagged as insect: Need further investigation! No attrib events!,2.97762116,Internal NPS Only,UNKN,2014/09/24 00:00:00+00,Unknown,Invalid,GRSM_GIS,7f824469-a8d0-4404-899f-335b14e0e755,1.20E-06,0.00490635
548,,18000,,Two Mile Lead Concession Horse Trail,Natural Resources Center Parking #4,In original DB these were flagged as insect: Need further investigation! No attrib events!,0.14852769,Internal NPS Only,UNKN,2014/09/24 00:00:00+00,Unknown,Invalid,GRSM_GIS,402a917c-5057-435b-a793-423e81c922c7,5.98E-08,0.001096961
549,,18000,,Cove Mountain Trail,Park Headquarters Road,In original DB these were flagged as insect: Need further investigation! No attrib events!,1.60814043,Internal NPS Only,UNKN,2014/09/24 00:00:00+00,Unknown,Invalid,GRSM_GIS,add78f61-3fb0-4916-a35d-cafd9b6026da,6.48E-07,0.005025609
550,,18000,,Gatlinburg Trail,Gatlinburg Overlook Parking Area #2,In original DB these were flagged as insect: Need further investigation! No attrib events!,0.8380875,Internal NPS Only,UNKN,2015/07/21 00:00:00+00,Unknown,Invalid,GRSM_GIS,374b5e8e-bda4-4488-97e7-adcc3f09643b,3.38E-07,0.002204536
551,,18000,,Gatlinburg Trail,Gatlinburg Overlook Parking Area #1,In original DB these were flagged as insect: Need further investigation! No attrib events!,0.93410545,Internal NPS Only,UNKN,2015/07/21 00:00:00+00,Unknown,Invalid,GRSM_GIS,b1d1e52f-7d24-4250-a6d8-8ad781c5c38a,3.77E-07,0.002762159
552,,18000,,Gatlinburg Trail,Campbell Lead Road,In original DB these were flagged as insect: Need further investigation! No attrib events!,3.022507,Internal NPS Only,UNKN,2015/07/21 00:00:00+00,Unknown,Invalid,GRSM_GIS,9ee43e1b-0ed1-4258-92f8-5ddb0f188509,1.22E-06,0.004350963
553,,18000,,Baskins Creek Trail,Cherokee Orchard Road,In original DB these were flagged as insect: Need further investigation! No attrib events!,4.21649502,Internal NPS Only,UNKN,2015/07/21 00:00:00+00,Unknown,Invalid,GRSM_GIS,d54d5a99-905e-4806-a695-a489b6048168,1.70E-06,0.004811604
554,,18000,,Twin Creeks Trail,Cherokee Orchard Road,In original DB these were flagged as insect: Need further investigation! No attrib events!,5.15798201,Internal NPS Only,UNKN,2015/07/21 00:00:00+00,Unknown,Invalid,GRSM_GIS,3d960f19-aea5-4fdd-9f18-f9ab2790e441,2.08E-06,0.00610782
555,,18000,,Rainbow Falls Trail,Roaring Fork Motor Nature Trail,In original DB these were flagged as insect: Need further investigation! No attrib events!,2.38587659,Internal NPS Only,UNKN,2015/07/21 00:00:00+00,Unknown,Invalid,GRSM_GIS,7f118e3f-a0d8-4ca0-9ab9-c3ee0bc07f30,9.61E-07,0.005356374
556,,18000,,Bullhead Trail,Cherokee Orchard Road,In original DB these were flagged as insect: Need further investigation! No attrib events!,0.21738103,Internal NPS Only,UNKN,2015/07/21 00:00:00+00,Unknown,Invalid,GRSM_GIS,0af370fe-72dc-4107-9930-09b76298e264,8.76E-08,0.001154639
557,,18000,,Bullhead Trail,Cherokee Orchard Road,In original DB these were flagged as insect: Need further investigation! No attrib events!,1.4335443,Internal NPS Only,UNKN,2015/07/21 00:00:00+00,Unknown,Invalid,GRSM_GIS,ba088871-aab0-4b58-8700-f6f896af5b64,5.77E-07,0.003585642
558,,18000,,Two Mile Lead Concession Horse Trail,Natural Resources Center Parking #4,In original DB these were flagged as insect: Need further investigation! No attrib events!,3.61166978,Internal NPS Only,UNKN,2015/07/21 00:00:00+00,Unknown,Invalid,GRSM_GIS,1e14754f-dd1f-4c27-89a4-05d9d68c6674,1.46E-06,0.005144395
559,,18000,,Hickory Flats Quiet Walkway,Fighting Creek Gap Road,In original DB these were flagged as insect: Need further investigation! No attrib events!,0.82036839,Internal NPS Only,UNKN,2015/07/21 00:00:00+00,Unknown,Invalid,GRSM_GIS,7d2caf4f-c5fa-4322-9ee8-23351f3a8016,3.31E-07,0.002241855
560,,18000,,Conner @ Hickory Flats Cemetery Access,Lakeview Drive East,In original DB these were flagged as insect: Need further investigation! No attrib events!,1.25484136,Internal NPS Only,UNKN,2014/09/24 00:00:00+00,Unknown,Invalid,GRSM_GIS,b0ad4b86-b6f6-4ef2-9702-62a2d2ffae06,5.04E-07,0.003176172
561,,18000,,Gatlinburg Trail,Campbell Lead Road,In original DB these were flagged as insect: Need further investigation! No attrib events!,5.74693992,Internal NPS Only,UNKN,2015/10/05 00:00:00+00,Unknown,Invalid,GRSM_GIS,399f5310-74d9-4f21-a995-1a35e96c0f38,2.32E-06,0.00667734
562,,90000,2016,Chasteen Creek Trail,Bradley Fork Trailhead Parking,The affected area is around 75 feet in length that affects the edge of the trail. The slide area goes all the way from the edge of the trail down to the creek 200' below.,0.02142095,Internal NPS Only,HDIG,,Unknown,Valid,GRSM_GIS,1ab0f361-2804-40bc-bc9f-680e53d65196,8.62E-09,0.000487467
563,Landslide_111,50000,,Balsam Mountain Trail,Balsam Mountain Road ,,0.7116446,Internal NPS Only,HDIG,2016/08/16 00:00:00+00,Unknown,Raw,GRSM_GIS,c75b05b2-4974-46eb-b9ba-8e3e7bc7617f,2.87E-07,0.005699231
564,Landslide_113,50000,,Alum Cave Trail,Alum Cave Bluffs Trailhead Parking,,1.00449777,Internal NPS Only,HDIG,2016/08/16 00:00:00+00,Unknown,Raw,GRSM_GIS,6f57f4f1-6a46-4ddc-b318-d38e6b62418f,4.05E-07,0.00401396
565,Landslide_114,50000,,Bullhead Trail,Newfound Gap Pullout Parking At Milepost 9.48,,1.56797529,Internal NPS Only,HDIG,,Unknown,Raw,GRSM_GIS,cacbffb0-6b45-4699-b2a1-1b313b4f89aa,6.32E-07,0.006961046
566,Landslide_112,50000,,Chimney Tops Trail,Newfound Gap Road North,,0.21181983,Internal NPS Only,HDIG,2016/08/16 00:00:00+00,Unknown,Raw,GRSM_GIS,96eb64f5-7de7-4481-9d46-89c69af73649,8.53E-08,0.001620001
567,Landslide_115,50000,,Alum Cave Trail,Alum Cave Bluffs Trailhead Parking,,0.40687226,Internal NPS Only,HDIG,,Unknown,Raw,GRSM_GIS,6d573bcf-3a44-479d-93e2-32a03c1eabed,1.64E-07,0.00228207
568,Landslide_116,50000,,Alum Cave Trail,Alum Cave Bluffs Trailhead Overflow Parking,,2.49440259,Internal NPS Only,HDIG,2016/08/18 00:00:00+00,Unknown,Raw,GRSM_GIS,aeae8a25-c6a0-4d3b-b047-4002c98dc4bf,1.00E-06,0.010611963
569,Landslide_117,50000,,Boulevard Trail,Newfound Gap Road North,,1.04019307,Internal NPS Only,HDIG,2016/08/18 00:00:00+00,Unknown,Raw,GRSM_GIS,daed6741-26c5-452d-8aee-648ec682f95e,4.19E-07,0.005503682
570,Landslide_118,50000,,Boulevard Trail,Newfound Gap Road North,,1.21687228,Internal NPS Only,HDIG,2016/08/18 00:00:00+00,Unknown,Raw,GRSM_GIS,69d4fe46-f957-438b-9ade-3ea33741b0e4,4.90E-07,0.003869542
571,Landslide_119,50000,,Road Prong Trail,Indian Gap Road Parking,,1.64409231,Internal NPS Only,HDIG,2016/08/18 00:00:00+00,Unknown,Raw,GRSM_GIS,76aa3ed3-5e6b-48d3-a414-571587f45ecc,6.62E-07,0.006018264
572,Landslide_120,50000,,Road Prong Trail,Indian Gap Road Parking,,1.1502514,Internal NPS Only,HDIG,2016/08/18 00:00:00+00,Unknown,Raw,GRSM_GIS,bd38312f-cf42-4c15-aba7-cae66ac519f5,4.63E-07,0.004509953
573,Landslide_121,50000,,Boulevard Trail,Newfound Gap Road North,,1.15817311,Internal NPS Only,HDIG,2016/08/18 00:00:00+00,Unknown,Invalid,GRSM_GIS,29f96858-47f0-43f6-a7c5-2d82d9259f83,4.66E-07,0.003321552
574,Landslide_122,50000,,Boulevard Trail,Newfound Gap Road North,,6.27853087,Internal NPS Only,HDIG,2016/08/18 00:00:00+00,Unknown,Invalid,GRSM_GIS,79a8ba06-88c8-46a5-9145-49373224f117,2.53E-06,0.009807005
575,Landslide_123,50000,,Boulevard Trail,Newfound Gap Road North,,1.62575916,Internal NPS Only,HDIG,2016/08/18 00:00:00+00,Unknown,Invalid,GRSM_GIS,ed6d0f49-634f-478e-bcb3-c5d47893e29a,6.55E-07,0.009344267
576,Landslide_124,50000,,Boulevard Trail,Newfound Gap Road North,,1.30806443,Internal NPS Only,HDIG,2016/08/18 00:00:00+00,Unknown,Invalid,GRSM_GIS,e972b7fd-e5a4-4f0c-8d1f-aa918d6cc205,5.27E-07,0.006882508
577,Landslide_125,50000,,Boulevard Trail,Newfound Gap Road North,,3.41377716,Internal NPS Only,HDIG,2016/08/18 00:00:00+00,Unknown,Invalid,GRSM_GIS,62919357-3400-4787-9711-488848bb6441,1.37E-06,0.006766971
578,Landslide_126,50000,,Boulevard Trail,Newfound Gap Road North,,0.60273759,Internal NPS Only,HDIG,2016/08/18 00:00:00+00,Unknown,Invalid,GRSM_GIS,d4663a9e-4478-4ede-80ea-5f1cd08f7acc,2.43E-07,0.002766006
579,Landslide_127,50000,,Boulevard Trail,Newfound Gap Road North,,1.46211494,Internal NPS Only,HDIG,2016/08/18 00:00:00+00,Unknown,Invalid,GRSM_GIS,bec84eab-cdf8-4d01-9ef5-5c2c8734ff6d,5.89E-07,0.007124402
580,Landslide_128,50000,,Boulevard Trail,Newfound Gap Road North,,1.46565484,Internal NPS Only,HDIG,2016/08/18 00:00:00+00,Unknown,Invalid,GRSM_GIS,59158cc9-25c2-4e07-809f-c95a39a5c7be,5.90E-07,0.005150875
581,Landslide_129,50000,,Boulevard Trail,Newfound Gap Road North,,0.89036306,Internal NPS Only,HDIG,2016/08/18 00:00:00+00,Unknown,Invalid,GRSM_GIS,6d9617d6-bb39-4dce-9f26-d7a1f0e6f93b,3.58E-07,0.003915185
582,Landslide_130,50000,,Appalachian Trail,Newfound Gap Road North,,0.18489406,Internal NPS Only,HDIG,2016/08/18 00:00:00+00,Unknown,Invalid,GRSM_GIS,86769e15-bbae-4f10-af3c-f8d435d9b681,7.44E-08,0.001405283
583,Landslide_131,50000,,Appalachian Trail,Newfound Gap Road North,,0.31649926,Internal NPS Only,HDIG,2016/08/18 00:00:00+00,Unknown,Invalid,GRSM_GIS,1724ab9c-8a53-4564-aef3-a50930d11a7c,1.27E-07,0.001888164
584,Landslide_133,50000,,Boulevard Trail,Newfound Gap Road North,,0.76205348,Internal NPS Only,HDIG,2016/08/18 00:00:00+00,Unknown,Invalid,GRSM_GIS,91f288ef-bf9a-4b47-aae0-e8b5cacd2d64,3.07E-07,0.003392968
585,Landslide_132,50000,,Boulevard Trail,Newfound Gap Road North,,1.62718352,Internal NPS Only,HDIG,2016/08/18 00:00:00+00,Unknown,Raw,GRSM_GIS,4c7ca9e2-f34a-4be5-9559-eced0f186131,6.55E-07,0.00862299
586,Landslide_134,50000,,Boulevard Trail,Newfound Gap Road North,,1.09850083,Internal NPS Only,HDIG,2016/08/18 00:00:00+00,Unknown,Raw,GRSM_GIS,2715d3d7-8aa4-44a8-ba5b-084ff3ee63b4,4.42E-07,0.004778964
587,Landslide_135,50000,,Boulevard Trail,Newfound Gap Pullout Parking At Milepost 12.98,,0.20681522,Internal NPS Only,HDIG,2016/08/18 00:00:00+00,Unknown,Raw,GRSM_GIS,29c9a63d-9a02-4da4-8f9a-34ee30d7507e,8.33E-08,0.001515625
588,Landslide_136,50000,,Appalachian Trail,Newfound Gap Road North,,1.34588021,Internal NPS Only,HDIG,2016/08/18 00:00:00+00,Unknown,Raw,GRSM_GIS,ad14e9ad-fb36-4539-938f-8e9b2902d783,5.42E-07,0.003818213
589,Landslide_137,50000,,Appalachian Trail,Newfound Gap Road North,,0.40166374,Internal NPS Only,HDIG,2016/08/18 00:00:00+00,Unknown,Raw,GRSM_GIS,6927bb89-8f40-4bc3-a498-7f3b236eeba5,1.62E-07,0.002805286
590,Landslide_138,50000,,Appalachian Trail,Newfound Gap Road North,,0.51249261,Internal NPS Only,HDIG,2016/08/18 00:00:00+00,Unknown,Raw,GRSM_GIS,9b0f4e3b-5d88-41e2-a8fb-fa4c13b86204,2.06E-07,0.00260871
591,Landslide_139,50000,,Appalachian Trail,Newfound Gap Road North,,0.42754066,Internal NPS Only,HDIG,2016/08/18 00:00:00+00,Unknown,Raw,GRSM_GIS,0489d37d-0d47-4de6-80b9-ea0d603abf7e,1.72E-07,0.002081692
592,Landslide_140,50000,,Appalachian Trail,Newfound Gap Road North,,0.13603941,Internal NPS Only,HDIG,2016/08/18 00:00:00+00,Unknown,Raw,GRSM_GIS,60704d82-24da-4a87-837b-be46066656d3,5.48E-08,0.001666746
593,Landslide_141,50000,,Appalachian Trail,Newfound Gap Road North,,0.07434756,Internal NPS Only,HDIG,2016/08/18 00:00:00+00,Unknown,Raw,GRSM_GIS,b26eedcf-07c0-4ded-863d-405425fb9b58,2.99E-08,0.001113736
594,Landslide_142,50000,,Appalachian Trail,Newfound Gap Road North,,0.28635955,Internal NPS Only,HDIG,2016/08/18 00:00:00+00,Unknown,Raw,GRSM_GIS,f60343cd-7c7b-48e2-b3af-cca93b41ca48,1.15E-07,0.001725312
595,Landslide_143,50000,,Appalachian Trail,Newfound Gap Road North,,0.29343783,Internal NPS Only,HDIG,2016/08/18 00:00:00+00,Unknown,Raw,GRSM_GIS,231dbca0-96c5-4570-9c91-e9e5c029dc8f,1.18E-07,0.002565289
596,Landslide_144,50000,,Appalachian Trail,Newfound Gap Road North,,0.1627897,Internal NPS Only,HDIG,2016/08/18 00:00:00+00,Unknown,Raw,GRSM_GIS,11fa6962-3eeb-4c1a-8504-b3374a0fa33e,6.56E-08,0.001298365
597,Landslide_145,50000,,Appalachian Trail,Newfound Gap Road North,,1.53009947,Internal NPS Only,HDIG,2016/08/18 00:00:00+00,Unknown,Raw,GRSM_GIS,dd2c4a31-df9b-49e7-924a-6457bc70421b,6.16E-07,0.006494067
598,Landslide_146,50000,,Appalachian Trail,Oconaluftee River Parking #4,,4.01822234,Internal NPS Only,HDIG,2016/08/18 00:00:00+00,Unknown,Raw,GRSM_GIS,a28a5287-1ef9-4295-b86a-a1d8dea3cbb1,1.62E-06,0.011278731
599,Landslide_147,50000,,Appalachian Trail,Oconaluftee River Parking #4,,0.41214255,Internal NPS Only,HDIG,2016/08/18 00:00:00+00,Unknown,Raw,GRSM_GIS,6f1d01d3-d457-4308-9ca1-fcb63f76d1a5,1.66E-07,0.004206383
600,Landslide_148,50000,,Boulevard Trail,Newfound Gap Road North,,0.41577807,Internal NPS Only,HDIG,2016/08/18 00:00:00+00,Unknown,Raw,GRSM_GIS,3f757834-91fa-4c7e-b65f-06dc42a1acb3,1.67E-07,0.002925015
601,Landslide_149,50000,,Boulevard Trail,Newfound Gap Pullout Parking At Milepost 12.98,,0.30359427,Internal NPS Only,HDIG,2016/08/18 00:00:00+00,Unknown,Raw,GRSM_GIS,465b253d-e2bb-4a13-89cd-092799e88cec,1.22E-07,0.003176631
602,Landslide_150,50000,,Appalachian Trail,Ramsey Cascades Trailhead Parking,,0.15011303,Internal NPS Only,HDIG,2016/08/18 00:00:00+00,Unknown,Raw,GRSM_GIS,866fdacf-d5fd-4ad4-99c0-953332a64bf4,6.05E-08,0.001445544
603,Landslide_151,50000,,Appalachian Trail,Ramsey Cascades Trailhead Parking,,0.29835685,Internal NPS Only,HDIG,2016/08/18 00:00:00+00,Unknown,Raw,GRSM_GIS,eb1017b2-9b17-4075-9770-c2017a166b6e,1.20E-07,0.001526027
604,Landslide_152,50000,,Appalachian Trail,Straight Fork Road,,0.15360277,Internal NPS Only,HDIG,2016/08/18 00:00:00+00,Unknown,Raw,GRSM_GIS,fb0ef8ab-d522-42e3-9359-e2e211c296c8,6.19E-08,0.001123066
605,Landslide_153,50000,,Appalachian Trail,Ramsey Cascades Trailhead Parking,,0.26451439,Internal NPS Only,HDIG,2016/08/18 00:00:00+00,Unknown,Raw,GRSM_GIS,a8f73683-0543-4018-98e7-ff490e38a80d,1.07E-07,0.002232958
606,Landslide_154,50000,,Appalachian Trail,Beech Gap Trailhead Parking #2,,0.60789451,Internal NPS Only,HDIG,2016/08/23 00:00:00+00,Unknown,Raw,GRSM_GIS,3ee9047e-5520-41b9-8fd4-54b6e0b804da,2.45E-07,0.004361381
607,Landslide_155,50000,,Appalachian Trail,Beech Gap Trailhead Parking #2,,0.06090457,Internal NPS Only,HDIG,2016/08/23 00:00:00+00,Unknown,Raw,GRSM_GIS,0598a556-a5c4-43b4-99af-e6f1d4ea8201,2.45E-08,0.001201515
608,,18000,,Twin Creeks Trail,Cherokee Orchard Road,,23.89120055,Internal NPS Only,UNKN,,Unknown,Raw,GRSM_GIS,dd0142c3-608d-4a86-b85c-cf20295ba2f6,9.63E-06,0.012436538
609,,30000,,Thomas Divide Trail,Newfound Gap Road South,,376.4590586,Internal NPS Only,UNKN,,Unknown,Raw,GRSM_GIS,1b62c87f-beec-48bd-a2b6-5e8a6b396258,0.000151442,0.05051787
